"","species","range_min","range_max","tau","Ptau","sens","Psen","m","occupancy_2005","occupancy_2025","trend"
"1","Aeshna affinis",0.16,0.53,-0.771,0,-0.019,0,-0.017,0.5,0.23,"decrease"
"2","Aeshna cyanea",0.45,0.66,-0.952,0,-0.01,0,-0.009,0.66,0.45,"decrease"
"3","Aeshna isoceles",0.18,0.61,-0.933,0,-0.022,0,-0.021,0.58,0.2,"decrease"
"4","Aeshna mixta",0.49,0.55,-0.657,0,-0.002,0,-0.001,0.53,0.51,"decrease"
"5","Anax ephippiger",0.09,0.5,0.962,0,0.018,0,0.017,0.1,0.5,"increase"
"6","Anax imperator",0.38,0.78,0.524,0.001,0.001,0.001,0.005,0.74,0.77,"increase"
"7","Anax parthenope",0.52,0.71,0.8,0,0.01,0,0.008,0.57,0.71,"increase"
"8","Boyeria irene",0.09,0.17,0.476,0.003,0.002,0.003,0.002,0.12,0.17,"increase"
"9","Calopteryx splendens",0.78,1,-0.705,0,-0.004,0,-0.006,0.9,0.79,"decrease"
"10","Calopteryx virgo",0.45,0.57,-0.838,0,-0.005,0,-0.005,0.56,0.45,"decrease"
"11","Ceriagrion tenellum",0.21,0.27,-0.333,0.037,-0.001,0.037,0,0.24,0.23,"decrease"
"12","Chalcolestes viridis",0.44,0.79,-0.971,0,-0.014,0,-0.015,0.79,0.44,"decrease"
"13","Coenagrion puella",0.42,0.92,-0.971,0,-0.013,0,-0.018,0.8,0.42,"decrease"
"14","Coenagrion pulchellum",0.03,0.74,-1,0,-0.018,0,-0.027,0.6,0.03,"decrease"
"15","Coenagrion scitulum",0,0.16,0.99,0,0.007,0,0.007,0.01,0.16,"increase"
"16","Cordulegaster boltonii",0.23,0.58,-0.914,0,-0.007,0,-0.011,0.47,0.23,"decrease"
"17","Cordulia aenea",0.17,0.56,-0.238,0.139,-0.003,0.139,-0.01,0.42,0.2,"stable"
"18","Crocothemis erythraea",0.55,0.82,0.857,0,0.006,0,0.009,0.63,0.81,"increase"
"19","Enallagma cyathigerum",0.18,0.25,0.238,0.139,0.001,0.139,0.001,0.21,0.24,"stable"
"20","Erythromma lindenii",0.26,0.66,-0.057,0.74,0,0.74,-0.008,0.5,0.28,"stable"
"21","Erythromma viridulum",0.16,0.27,0.571,0,0.002,0,0.003,0.18,0.26,"increase"
"22","Gomphus vulgatissimus",0.13,0.34,0.562,0,0.003,0,0.006,0.2,0.32,"increase"
"23","Ischnura elegans",0.8,0.89,-0.267,0.097,-0.001,0.097,0.001,0.84,0.86,"stable"
"24","Ischnura pumilio",0.39,0.7,-0.848,0,-0.012,0,-0.012,0.62,0.43,"decrease"
"25","Lestes dryas",0.02,0.07,-0.886,0,-0.002,0,-0.002,0.06,0.02,"decrease"
"26","Lestes sponsa",0.13,0.94,-0.971,0,-0.012,0,-0.019,0.41,0.13,"decrease"
"27","Lestes virens",0.13,0.63,-0.99,0,-0.01,0,-0.015,0.39,0.13,"decrease"
"28","Libellula depressa",0.45,0.53,-0.543,0.001,-0.002,0.001,-0.002,0.5,0.49,"decrease"
"29","Libellula fulva",0.34,0.51,-0.933,0,-0.008,0,-0.007,0.5,0.34,"decrease"
"30","Libellula quadrimaculata",0.17,0.32,-0.619,0,-0.005,0,-0.006,0.3,0.2,"decrease"
"31","Onychogomphus forcipatus",0.57,0.66,0.581,0,0.004,0,0.003,0.63,0.64,"increase"
"32","Onychogomphus uncatus",0.14,0.16,0.762,0,0.001,0,0.001,0.14,0.16,"increase"
"33","Ophiogomphus cecilia",0.08,0.27,-0.914,0,-0.011,0,-0.011,0.26,0.09,"decrease"
"34","Orthetrum albistylum",0.72,0.85,-0.829,0,-0.005,0,-0.005,0.83,0.75,"decrease"
"35","Orthetrum brunneum",0.47,0.57,0.6,0,0.004,0,0.003,0.5,0.52,"increase"
"36","Orthetrum cancellatum",0.62,0.75,0.705,0,0.007,0,0.007,0.63,0.71,"increase"
"37","Orthetrum coerulescens",0.65,0.83,-0.971,0,-0.006,0,-0.006,0.83,0.65,"decrease"
"38","Oxygastra curtisii",0.06,0.17,1,0,0.006,0,0.006,0.06,0.17,"increase"
"39","Platycnemis pennipes",0.78,0.95,-0.2,0.216,-0.001,0.216,-0.003,0.88,0.78,"stable"
"40","Pyrrhosoma nymphula",0.23,0.44,-0.857,0,-0.011,0,-0.008,0.39,0.25,"decrease"
"41","Selysiothemis nigra",0.03,0.06,1,0,0.001,0,0.001,0.03,0.06,"increase"
"42","Somatochlora flavomaculata",0.09,0.41,-0.971,0,-0.008,0,-0.012,0.35,0.09,"decrease"
"43","Somatochlora metallica",0.19,0.7,-0.99,0,-0.029,0,-0.027,0.69,0.19,"decrease"
"44","Stylurus flavipes",0.17,0.22,-0.648,0,-0.002,0,-0.002,0.22,0.17,"decrease"
"45","Sympecma fusca",0.17,0.62,-0.324,0.043,-0.012,0.043,-0.015,0.56,0.28,"decrease"
"46","Sympecma paedisca",0.02,0.11,0.952,0,0.005,0,0.005,0.02,0.09,"increase"
"47","Sympetrum depressiusculum",0.14,0.36,-0.914,0,-0.01,0,-0.009,0.36,0.14,"decrease"
"48","Sympetrum fonscolombii",0.35,0.82,0.676,0,0.005,0,0.01,0.56,0.81,"increase"
"49","Sympetrum meridionale",0.07,0.31,-0.848,0,-0.006,0,-0.008,0.23,0.07,"decrease"
"50","Sympetrum pedemontanum",0.36,0.72,-0.943,0,-0.01,0,-0.013,0.66,0.36,"decrease"
"51","Sympetrum sanguineum",0.31,0.62,-0.914,0,-0.014,0,-0.014,0.6,0.32,"decrease"
"52","Sympetrum striolatum",0.44,0.7,0.848,0,0.014,0,0.012,0.47,0.68,"increase"
"53","Trithemis annulata",0,0.68,1,0,0.024,0,0.028,0,0.68,"increase"
