id,scientific_name,observed_on,geoprivacy1,locality,x,y,accuracyf,user_login,user_name,quality_grade,url,num_identification_agreements,num_identification_disagreements,description,tag_list,field.sex,DATE_YEAR,accuracy,cellcode,TIN_11,cellcode20
154964131,Sympecma paedisca,2023/04/14,,,7.5432150242,45.1482813259,"123",alessandro_bergamo,Alessandro Bergamo,research,https://www.inaturalist.org/observations/154964131,2,0,,,,2023,123,10kmE412N245,288.916412353516,6
189391875,Sympecma paedisca,2023/10/27,,,7.5864707154,45.2693948341,"344",gingertea,Lorenza Piretta,research,https://www.inaturalist.org/observations/189391875,3,0,,,,2023,344,10kmE413N246,422.537994384766,13
249529138,Sympecma paedisca,2024/10/28,,,7.6177605,45.2791099,"4715",gingertea,Lorenza Piretta,research,https://www.inaturalist.org/observations/249529138,3,0,,,,2024,4715,10kmE413N246,397.670013427734,13
249530012,Sympecma paedisca,2024/10/28,,,7.6177605,45.2791099,"4715",gingertea,Lorenza Piretta,research,https://www.inaturalist.org/observations/249530012,1,0,,,,2024,4715,10kmE413N246,397.670013427734,13
250039885,Sympecma paedisca,2024/10/19,,,7.5876986454,45.2705272347,"343",paomar,paolomarotto,research,https://www.inaturalist.org/observations/250039885,0,0,,,,2024,343,10kmE413N246,427.456390380859,13
88594172,Ophiogomphus cecilia,2021/07/25,,,7.7675761825,45.160964131,"244",alf_torino,Alfonso,research,https://www.inaturalist.org/observations/88594172,2,0,,,,2021,,10kmE414N245,211.749206542969,14
182807691,Ophiogomphus cecilia,2016/07/20,,,7.6765992484,45.0528152301,"46",ivan1973,Ivan Di Già,research,https://www.inaturalist.org/observations/182807691,1,0,individuo in dispersione morto da impatto con vetrata di casa,,,2016,,10kmE413N244,237.45329284668,14
235317536,Ophiogomphus cecilia,2024/08/12,,,7.604069127,44.9960584062,"49",ivan1973,Ivan Di Già,needs_id,https://www.inaturalist.org/observations/235317536,0,0,,,,2024,,10kmE413N243,241.151992797852,15
228843677,Coenagrion castellani,2024/06/16,,,7.698462,44.505511,NA,erlandreflingnielsen,Erland Refling Nielsen,research,https://www.inaturalist.org/observations/228843677,1,0,"A male.
June 2024.
Fossana, Piedmont, Italy.",Coenagrion castellani,,2024,10,10kmE413N238,335.819396972656,17
85198421,Coenagrion castellani,2021/07/01,open_odonata,Fossano CN,7.7220266667,44.57884,"1",sindic,Roberto Sindaco,research,https://www.inaturalist.org/observations/85198421,3,0,,,,2021,99,10kmE413N238,340.104614257812,17
228843692,Coenagrion castellani,2024/06/16,,,7.698655,44.505496,NA,erlandreflingnielsen,Erland Refling Nielsen,research,https://www.inaturalist.org/observations/228843692,1,0,"A male.
June 2024.
Fossana, Piedmont, Italy.",Coenagrion castellani,,2024,99,10kmE413N238,334.782897949219,17
149927743,Coenagrion castellani,2018/06/03,,,7.697275899,44.5047420984,"31",bruno356,Bruno Caula,research,https://www.inaturalist.org/observations/149927743,3,1,,,,2018,31,10kmE413N237,335.279907226562,18
171209917,Coenagrion castellani,2023/06/22,,,7.6772084246,44.4925088412,"176",philbenstead,Phil Benstead,research,https://www.inaturalist.org/observations/171209917,2,0,,,,2023,176,10kmE413N237,354.650604248047,18
172402016,Coenagrion castellani,2023/07/08,,,7.6978467733,44.504563871,"61",paomar,paolomarotto,research,https://www.inaturalist.org/observations/172402016,3,0,,,,2023,61,10kmE413N237,335.125793457031,18
174900067,Coenagrion castellani,2023/06/22,,,7.6772084246,44.4925088412,"176",philbenstead,Phil Benstead,research,https://www.inaturalist.org/observations/174900067,2,0,,,,2023,176,10kmE413N237,354.650604248047,18
32575183,Oxygastra curtisii,2019/06/08,,,7.701302,44.498745,"250",roberto_sindaco,,research,https://www.inaturalist.org/observations/32575183,5,0,,,,2019,250,10kmE413N237,335.041107177734,18
7904701,Sympecma paedisca,2017/08/25,,,8.053897507,45.4812150698,NA,cattin,Cattin Gianni,research,https://www.inaturalist.org/observations/7904701,4,0,,,,2017,,10kmE416N248,268.681701660156,19
7904840,Sympecma paedisca,2017/08/21,,,8.053751327,45.4810399375,NA,cattin,Cattin Gianni,research,https://www.inaturalist.org/observations/7904840,3,0,,,,2017,,10kmE416N248,269.189300537109,19
30879765,Sympecma paedisca,2019/08/15,,,8.0202428252,45.5083417751,"9",filippo_ferrati_96,Filippo Ferrati,research,https://www.inaturalist.org/observations/30879765,3,0,,"mongrando, biella, laghetto, Libellula",,2019,9,10kmE416N249,307.660705566406,19
60593430,Sympecma paedisca,2020/09/16,open_odonata,"45.489177, 8.044608",8.044608,45.489177,NA,claudio_f,Claudio Foglini,research,https://www.inaturalist.org/observations/60593430,2,0,,,,2020,,10kmE416N248,289.886688232422,19
95951927,Sympecma paedisca,2021/09/24,,,8.069285,45.4692879722,NA,mongiu,,research,https://www.inaturalist.org/observations/95951927,3,0,,,,2021,,10kmE416N248,256.246795654297,19
97168553,Sympecma paedisca,2021/10/04,,,8.041855,45.488172,NA,marcosaggioro,marcosaggioro,research,https://www.inaturalist.org/observations/97168553,2,0,,,,2021,,10kmE416N248,298.146697998047,19
116256544,Sympecma paedisca,2022/04/10,,,8.0430555556,45.4888888889,NA,mcsibille,Maria Chiara,research,https://www.inaturalist.org/observations/116256544,1,0,ZSC LA BESSA,,,2022,,10kmE416N248,295.687713623047,19
189457122,Sympecma paedisca,2023/10/12,,,8.057306,45.47961,NA,filippo_ferrati_96,Filippo Ferrati,research,https://www.inaturalist.org/observations/189457122,2,0,,,,2023,,10kmE416N248,274.657897949219,19
26509423,Sympecma paedisca,2019/06/04,,,7.910419,45.324604,"373",giorege1959,,research,https://www.inaturalist.org/observations/26509423,3,0,,,,2019,373,10kmE415N247,226,20
93139637,Sympecma paedisca,2021/08/31,,,7.9418390406,45.3317500483,"4",giorege1959,,research,https://www.inaturalist.org/observations/93139637,2,0,,,,2021,4,10kmE415N247,229.92919921875,20
115415072,Sympecma paedisca,2022/05/04,,,7.910419,45.328925,NA,giorege1959,,research,https://www.inaturalist.org/observations/115415072,3,0,,,,2022,,10kmE415N247,227.189498901367,20
183067898,Sympecma paedisca,2023/09/13,,,7.9417660294,45.3317611747,"8",giorege1959,,research,https://www.inaturalist.org/observations/183067898,1,0,,,,2023,8,10kmE415N247,229.92919921875,20
183479305,Sympecma paedisca,2023/09/16,,,7.9418229473,45.3317633104,"4",giorege1959,,research,https://www.inaturalist.org/observations/183479305,1,0,,,,2023,4,10kmE415N247,229.92919921875,20
185042320,Sympecma paedisca,2023/09/26,,,7.949503608,45.3705790603,"2",giorege1959,,research,https://www.inaturalist.org/observations/185042320,1,0,,,,2023,2,10kmE416N247,217.734298706055,20
186067861,Sympecma paedisca,2023/09/25,,,7.9420768855,45.3317036155,"8",giorege1959,,research,https://www.inaturalist.org/observations/186067861,1,0,,,,2023,8,10kmE415N247,229.953994750977,20
190300646,Sympecma paedisca,2023/10/15,,,7.9465641561,45.3230656358,"4",giorege1959,,research,https://www.inaturalist.org/observations/190300646,2,0,"Un centinaio, maschi e femmine",,,2023,4,10kmE415N247,262.864105224609,20
246194000,Sympecma paedisca,2024/10/07,,,7.9471337212,45.3229268514,"4",giorege1959,,research,https://www.inaturalist.org/observations/246194000,2,0,,,,2024,4,10kmE415N247,260.45458984375,20
182948199,Sympecma paedisca,2022/02/21,,,7.9662313396,45.2285932828,"47",ivan1973,Ivan Di Già,research,https://www.inaturalist.org/observations/182948199,1,0,,,,2022,47,10kmE416N245,198.289993286133,21
1849778,Ophiogomphus cecilia,2015/07/24,obscured,,8.1892907383,45.4501064834,"27142",savo,,research,http://www.inaturalist.org/observations/1849778,3,0,,,,2015,,10kmE417N248,200.323303222656,27
233296213,Ophiogomphus cecilia,2024/08/02,,,8.3068678261,45.4604131993,"2",robangutan,Roberto Ostellino,research,https://www.inaturalist.org/observations/233296213,3,0,,,,2024,,10kmE418N248,169.818893432617,27
234314549,Ophiogomphus cecilia,2024/08/07,,,8.1954151717,45.4257777891,"8",robangutan,Roberto Ostellino,research,https://www.inaturalist.org/observations/234314549,1,0,,,,2024,,10kmE417N248,189.043792724609,27
1716488,Oxygastra curtisii,2015/07/02,open_odonata,Rovasenda VC,8.30622,45.5556766667,"11",sindic,Roberto Sindaco,research,http://www.inaturalist.org/observations/1716488,3,0,,,,2015,11,10kmE418N249,229.916397094727,27
14471096,Sympecma paedisca,2018/07/17,,,8.2711415734,45.5530156578,"61",lame_sesia,Andrea,research,https://www.inaturalist.org/observations/14471096,3,1,,,,2018,61,10kmE418N249,239.020004272461,27
21112755,Sympecma paedisca,2019/03/10,,,8.2761106491,45.5758476257,NA,gloria_ramello,,research,https://www.inaturalist.org/observations/21112755,2,0,,,,2019,,10kmE418N249,257.247711181641,27
31980898,Sympecma paedisca,2019/09/01,,,8.1627777778,45.5388888889,NA,mcsibille,Maria Chiara,research,https://www.inaturalist.org/observations/31980898,3,0,ZSC Baraggia di Candelo - Riserva naturale delle Baragge,,,2019,,10kmE417N249,317.937713623047,27
33646260,Sympecma paedisca,2019/09/30,,,8.1163172051,45.4546489224,"17",filippo_ferrati_96,Filippo Ferrati,research,https://www.inaturalist.org/observations/33646260,2,0,,,,2019,17,10kmE417N248,225.459396362305,27
34000505,Sympecma paedisca,2019/09/26,,,8.2900897372,45.5679913091,"31",mcsibille,Maria Chiara,research,https://www.inaturalist.org/observations/34000505,3,0,ZSC Baraggia di Rovasenda - Riserva naturale delle Baragge,,,2019,31,10kmE418N249,252.635604858398,27
34000628,Sympecma paedisca,2019/09/27,,,8.2405445245,45.5363305401,"27",mcsibille,Maria Chiara,research,https://www.inaturalist.org/observations/34000628,4,0,ZSC Baraggia di Rovasenda (nucleo di Castelletto Cervo) - Riserva naturale delle Baragge,,,2019,27,10kmE418N249,226.321594238281,27
34822267,Sympecma paedisca,2019/10/23,,,8.3095318079,45.4620676545,"3",danieleseglie,Daniele Seglie,research,https://www.inaturalist.org/observations/34822267,4,0,"1",,,2019,3,10kmE418N248,175.771301269531,27
35483429,Sympecma paedisca,2019/11/04,,,8.1151309982,45.456900326,"33",mongiu,,research,https://www.inaturalist.org/observations/35483429,4,0,,,,2019,33,10kmE417N248,229.732894897461,27
43000301,Sympecma paedisca,2020/02/16,,,8.1531090459,45.5035650841,"122",simone_bocca,Simone Bocca,research,https://www.inaturalist.org/observations/43000301,4,0,,,,2020,122,10kmE417N248,271.075103759766,27
45057572,Sympecma paedisca,2020/05/02,,,8.2529788289,45.5489292922,"124",mcsibille,Maria Chiara,research,https://www.inaturalist.org/observations/45057572,4,0,"ZSC Baraggia di Rovasenda - 
Riserva naturale delle Baragge",,,2020,124,10kmE418N249,235.533996582031,27
54959633,Sympecma paedisca,2020/07/27,,,8.161337451,45.5389066481,"122",simone_bocca,Simone Bocca,research,https://www.inaturalist.org/observations/54959633,3,0,,,,2020,122,10kmE417N249,314.688690185547,27
61473702,Sympecma paedisca,2020/09/27,,,8.1810621181,45.4894252207,"122",mcsibille,Maria Chiara,research,https://www.inaturalist.org/observations/61473702,2,0,Riserva naturale delle Baragge - Massazza,,,2020,122,10kmE417N248,245.13020324707,27
62987547,Sympecma paedisca,2020/10/13,,,8.2006687797,45.4185610696,"76",giulia_r,Giulia,research,https://www.inaturalist.org/observations/62987547,3,0,,,,2020,76,10kmE417N248,181.374801635742,27
63008796,Sympecma paedisca,2020/10/19,,,8.186296252,45.5228050463,"15",simone_bocca,Simone Bocca,research,https://www.inaturalist.org/observations/63008796,2,0,,,,2020,15,10kmE417N249,279.990600585938,27
63078702,Sympecma paedisca,2020/10/13,,,8.2005324569,45.4183464759,"31",andrevolp96,Andrea Volpato,research,https://www.inaturalist.org/observations/63078702,2,0,,,,2020,31,10kmE417N248,181.539794921875,27
76881811,Sympecma paedisca,2021/05/02,,,8.1484697808,45.5316564943,"8",filippo_ferrati_96,Filippo Ferrati,research,https://www.inaturalist.org/observations/76881811,4,0,,,,2021,8,10kmE417N249,322.775787353516,27
78871686,Sympecma paedisca,2021/05/15,,,8.1639559194,45.5080170548,"572",paomar,paolomarotto,research,https://www.inaturalist.org/observations/78871686,3,0,,,,2021,572,10kmE417N249,271.036590576172,27
92500581,Sympecma paedisca,2021/08/25,,,8.1910871122,45.5208127283,"31",simone_bocca,Simone Bocca,research,https://www.inaturalist.org/observations/92500581,2,0,,,,2021,31,10kmE417N249,274.610412597656,27
92500585,Sympecma paedisca,2021/08/25,,,8.1911845882,45.5209076018,"4",simone_bocca,Simone Bocca,research,https://www.inaturalist.org/observations/92500585,1,0,,,,2021,4,10kmE417N249,273.536010742188,27
92948023,Sympecma paedisca,2021/08/29,,,8.1260947222,45.4810330556,NA,kaotico84,Davide,research,https://www.inaturalist.org/observations/92948023,1,0,,,,2021,,10kmE417N248,249.953903198242,27
93495916,Sympecma paedisca,2021/09/03,,,8.1492941639,45.5103309722,"4",simone_bocca,Simone Bocca,research,https://www.inaturalist.org/observations/93495916,3,0,,,,2021,4,10kmE417N249,282.7998046875,27
98596567,Sympecma paedisca,2021/10/18,open_odonata,"13862 Brusnengo BI, Italia",8.272213,45.5548199722,NA,robangutan,Roberto Ostellino,research,https://www.inaturalist.org/observations/98596567,2,0,,,,2021,,10kmE418N249,240.662292480469,27
112495624,Sympecma paedisca,2022/02/05,,,8.1146643975,45.4858476454,"8",simone_bocca,Simone Bocca,research,https://www.inaturalist.org/observations/112495624,2,0,,,,2022,8,10kmE417N248,259.230102539062,27
122462426,Oxygastra curtisii,2022/06/19,open_odonata,"13060 Roasio VC, Italia",8.2998709722,45.572454,NA,robangutan,Roberto Ostellino,research,https://www.inaturalist.org/observations/122462426,3,0,,,,2022,,10kmE418N249,245.337097167969,27
116257457,Sympecma paedisca,2022/04/14,,,8.1260079272,45.480867508,"8",mcsibille,Maria Chiara,research,https://www.inaturalist.org/observations/116257457,3,0,"Riserva naturale Baragge.
Rinvenuti lungo il transetto 65 individui (N.B. pochissimi nelle aree invase Pioppo tremulo)",,,2022,8,10kmE417N248,249.691101074219,27
117450896,Sympecma paedisca,2022/05/17,open_odonata,"Provincia di Biella, Italia",8.2550321682,45.5539822874,"31",robangutan,Roberto Ostellino,research,https://www.inaturalist.org/observations/117450896,2,0,,,,2022,31,10kmE418N249,237.830307006836,27
128954941,Sympecma paedisca,2022/07/30,open_odonata,"Province of Biella, Italy",8.1418916667,45.5164833333,NA,lucaboscain,Luca Boscain,research,https://www.inaturalist.org/observations/128954941,2,0,,,,2022,,10kmE417N249,292.238586425781,27
128955666,Sympecma paedisca,2022/07/30,open_odonata,"Biella, Piemonte, Italy",8.1404216667,45.517045,NA,lucaboscain,Luca Boscain,research,https://www.inaturalist.org/observations/128955666,3,0,,,,2022,,10kmE417N249,293.618591308594,27
137417963,Sympecma paedisca,2022/10/02,,,8.2947474498,45.5691442114,"4",robangutan,Roberto Ostellino,research,https://www.inaturalist.org/observations/137417963,3,0,,,,2022,4,10kmE418N249,249.782501220703,27
137417964,Sympecma paedisca,2022/10/02,,,8.2951279156,45.5692456001,"2",robangutan,Roberto Ostellino,research,https://www.inaturalist.org/observations/137417964,5,0,,,,2022,2,10kmE418N249,249.777404785156,27
137450045,Sympecma paedisca,2022/10/03,,,8.1328916453,45.5157156425,"8",simone_bocca,Simone Bocca,research,https://www.inaturalist.org/observations/137450045,4,0,,,,2022,8,10kmE417N249,256.321502685547,27
138614502,Sympecma paedisca,2022/10/13,,,8.3218050696,45.5955043499,"15",robangutan,Roberto Ostellino,research,https://www.inaturalist.org/observations/138614502,4,0,,,,2022,15,10kmE418N249,272.2421875,27
139209679,Sympecma paedisca,2022/10/18,,,8.2885329722,45.567573,NA,robangutan,Roberto Ostellino,research,https://www.inaturalist.org/observations/139209679,2,0,,,,2022,,10kmE418N249,252.214706420898,27
140760886,Sympecma paedisca,2022/10/28,,,8.1515624824,45.5294186407,"31",simone_bocca,Simone Bocca,research,https://www.inaturalist.org/observations/140760886,3,0,,,,2022,31,10kmE417N249,316.343414306641,27
178574528,Sympecma paedisca,2023/08/13,,,8.1533065018,45.5333907194,"200",gabrivauda,Gabriele Vaudano,research,https://www.inaturalist.org/observations/178574528,3,0,,,,2023,200,10kmE417N249,318.776214599609,27
183121315,Sympecma paedisca,2023/04/19,,,8.2471288561,45.5227620068,"55",ivan1973,Ivan Di Già,research,https://www.inaturalist.org/observations/183121315,1,0,,,,2023,55,10kmE418N249,218.383895874023,27
183684423,Sympecma paedisca,2010/10/28,,,8.2368006402,45.5466406746,"55",ivan1973,Ivan Di Già,research,https://www.inaturalist.org/observations/183684423,3,0,,,,2010,55,10kmE418N249,230.40559387207,27
190474329,Sympecma paedisca,2023/11/08,open_odonata,"Provincia di Vercelli, Italia",8.2887906416,45.56499587,"8",robangutan,Roberto Ostellino,research,https://www.inaturalist.org/observations/190474329,2,0,transetto (Naz nuovo 2023) 25 individui ,,,2023,8,10kmE418N249,249.516204833984,27
191180752,Sympecma paedisca,2023/11/05,,,8.1530081481,45.5093032368,"245",jacopobianchi,,research,https://www.inaturalist.org/observations/191180752,4,0,,,,2023,245,10kmE417N249,280.754089355469,27
191265338,Sympecma paedisca,2023/11/17,,,8.3218104796,45.5957343679,"73",robangutan,Roberto Ostellino,research,https://www.inaturalist.org/observations/191265338,1,0,transetto area 80 individui,,,2023,73,10kmE418N249,272.244384765625,27
191460489,Sympecma paedisca,2023/11/19,,,8.1802855432,45.4884410941,"26",jacopobianchi,,research,https://www.inaturalist.org/observations/191460489,3,0,,,,2023,26,10kmE417N248,244.051498413086,27
191947146,Sympecma paedisca,2023/11/24,,,8.3091982082,45.4618550728,"32",martina_mocchia,Martina,research,https://www.inaturalist.org/observations/191947146,2,0,,,,2023,32,10kmE418N248,175.026000976562,27
195694861,Sympecma paedisca,2023/12/02,,,8.1560411221,45.5114103753,"122",bruno356,Bruno Caula,research,https://www.inaturalist.org/observations/195694861,2,0,,,,2023,122,10kmE417N249,281.853698730469,27
197382281,Sympecma paedisca,2024/01/23,,,8.2376828202,45.5402757567,"15",robangutan,Roberto Ostellino,research,https://www.inaturalist.org/observations/197382281,5,0,,,,2024,15,10kmE418N249,230.111099243164,27
207914050,Sympecma paedisca,2024/04/18,,,8.2454861111,45.57,NA,sc-lame-sesia,servizio civile Lame del Sesia,research,https://www.inaturalist.org/observations/207914050,2,0,,,,2024,,10kmE418N249,247.808700561523,27
213474473,Sympecma paedisca,2024/05/04,,,8.2613854443,45.4299782522,"10",jacopobianchi,,research,https://www.inaturalist.org/observations/213474473,4,0,,,,2024,10,10kmE418N248,175.049606323242,27
214623730,Sympecma paedisca,2024/05/09,,,8.1960576028,45.4230946551,"456",sc-lame-sesia,servizio civile Lame del Sesia,research,https://www.inaturalist.org/observations/214623730,2,0,,,,2024,456,10kmE417N248,183.695297241211,27
215012995,Sympecma paedisca,2024/05/10,,,8.3243311997,45.5469567,NA,leonardo_siddi99,Leonardo Siddi,research,https://www.inaturalist.org/observations/215012995,4,0,,,,2024,,10kmE418N249,230.689605712891,27
236904483,Sympecma paedisca,2024/08/20,,,8.2779991143,45.5570114282,"8",robangutan,Roberto Ostellino,research,https://www.inaturalist.org/observations/236904483,2,0,,,,2024,8,10kmE418N249,242.102096557617,27
243794454,Sympecma paedisca,2024/09/24,,,8.241226,45.546409,"46",simone_bocca,Simone Bocca,research,https://www.inaturalist.org/observations/243794454,1,0,,,,2024,46,10kmE418N249,234.888305664062,27
247495794,Sympecma paedisca,2024/10/15,,,8.1113941153,45.4867808756,"52",ivan1973,Ivan Di Già,research,https://www.inaturalist.org/observations/247495794,1,0,,,,2024,52,10kmE417N248,261.251312255859,27
250418337,Sympecma paedisca,2024/10/31,,,8.3096992712,45.463139465,"4",robangutan,Roberto Ostellino,research,https://www.inaturalist.org/observations/250418337,1,0,,,,2024,4,10kmE418N248,176.897003173828,27
250418340,Sympecma paedisca,2024/10/31,,,8.3098080455,45.4633212328,"8",robangutan,Roberto Ostellino,research,https://www.inaturalist.org/observations/250418340,1,0,,,,2024,8,10kmE418N248,177.138900756836,27
122292040,Oxygastra curtisii,2022/06/18,open_odonata,"Provincia di Vercelli, Italia",8.300038,45.57273,"6",robangutan,Roberto Ostellino,research,https://www.inaturalist.org/observations/122292040,2,0,,,,2022,6,10kmE418N249,245.33740234375,27
116070198,Sympecma paedisca,2022/05/08,,,8.1354881547,45.2749593146,"31",simone_bocca,Simone Bocca,research,https://www.inaturalist.org/observations/116070198,3,0,,,,2022,31,10kmE417N246,173.065200805664,28
119755441,Sympecma paedisca,2022/06/01,,,8.1344216667,45.2754733333,NA,pierangelovillani,Pierangelo Villani,research,https://www.inaturalist.org/observations/119755441,1,0,b,,,2022,,10kmE417N246,173.136505126953,28
1718123,Ophiogomphus cecilia,2015/07/01,open_odonata,Trino ,8.308679,45.169058,"202",nicolascatassi,nicola scatassi,research,http://www.inaturalist.org/observations/1718123,2,0,,,,2015,,10kmE418N245,129.259399414062,29
1771912,Ophiogomphus cecilia,2015/07/16,open_odonata,,8.2718179648,45.2123961244,"10",nicolascatassi,nicola scatassi,research,http://www.inaturalist.org/observations/1771912,3,0,,,,2015,,10kmE418N245,150.750106811523,29
1986157,Sympecma paedisca,2015/09/24,open_odonata,Fontanetto Po,8.179182,45.222738,"46",nicolascatassi,nicola scatassi,research,http://www.inaturalist.org/observations/1986157,1,0,,,,2015,46,10kmE417N245,152.354904174805,29
7888753,Sympecma paedisca,2017/09/12,open_odonata,"Unnamed Road, 13038 Tricerro VC, Italia",8.2867616667,45.2319133333,"4",nicolascatassi,nicola scatassi,research,https://www.inaturalist.org/observations/7888753,3,0,,,,2017,4,10kmE418N245,146.476501464844,29
28636182,Sympecma paedisca,2012/08/21,,,8.2867829599,45.2322264147,"15",pierangelovillani,Pierangelo Villani,research,https://www.inaturalist.org/observations/28636182,3,0,,,,2012,15,10kmE418N245,146.208602905273,29
43846012,Sympecma paedisca,2020/04/27,open_odonata,"13040 Fontanetto po VC, Italia",8.1751683593,45.2174577541,"4",nicolascatassi,nicola scatassi,research,https://www.inaturalist.org/observations/43846012,1,0,,,,2020,4,10kmE417N245,145.229904174805,29
80335115,Sympecma paedisca,2021/05/25,open_odonata,"Provincia di Vercelli, Italia",8.1324624611,45.2072508076,"15",nicolascatassi,nicola scatassi,research,https://www.inaturalist.org/observations/80335115,1,0,,,,2021,15,10kmE417N245,149.979202270508,29
124372084,Ophiogomphus cecilia,2022/07/01,obscured,,8.1368366368,44.9463301011,"27253",savo,,research,https://www.inaturalist.org/observations/124372084,1,0,,,,2022,,10kmE417N242,218.382705688477,30
233443060,Ophiogomphus cecilia,2024/08/03,,,8.4275761619,45.6394936543,"35",berga,Luca Bergamaschi,research,https://www.inaturalist.org/observations/233443060,3,0,,,,2024,,10kmE419N250,322.058990478516,35
34954429,Sympecma paedisca,2019/10/27,,,8.4178480413,45.6340110954,"3",ericazuffi,,research,https://www.inaturalist.org/observations/34954429,5,0,Almeno 20 esemplari,,,2019,3,10kmE419N250,315.075012207031,35
34954443,Sympecma paedisca,2019/10/27,,,8.4158325288,45.6399446446,"9",ericazuffi,,research,https://www.inaturalist.org/observations/34954443,2,0,Almeno 4,,,2019,9,10kmE419N250,325.040313720703,35
34956846,Sympecma paedisca,2019/10/27,,,8.4280287847,45.6393115176,"4",ericazuffi,,research,https://www.inaturalist.org/observations/34956846,3,0,Più di 50,,,2019,4,10kmE419N250,322.881408691406,35
34963997,Sympecma paedisca,2019/10/27,,,8.442530483,45.6259429269,"10",fabio186,Fabio Giusto,research,https://www.inaturalist.org/observations/34963997,3,0,,,,2019,10,10kmE419N250,308.040313720703,35
35083854,Sympecma paedisca,2019/10/27,,,8.4408947593,45.6228248921,"122",ericazuffi,,research,https://www.inaturalist.org/observations/35083854,3,0,Almeno 50 esemplari,,,2019,122,10kmE419N250,305.592803955078,35
35568260,Sympecma paedisca,2019/10/27,,,8.4424344264,45.6259041186,"4",ericazuffi,,research,https://www.inaturalist.org/observations/35568260,4,0,,,,2019,4,10kmE419N250,308.040313720703,35
62891227,Sympecma paedisca,2020/10/18,,,8.4278691933,45.6391989935,"4",ericazuffi,,research,https://www.inaturalist.org/observations/62891227,4,0,,,,2020,4,10kmE419N250,322.701690673828,35
78963864,Sympecma paedisca,2021/05/16,,,8.4356643632,45.6262420005,"9",fabio_giuseppe,,research,https://www.inaturalist.org/observations/78963864,2,0,,,,2021,9,10kmE419N250,310.387390136719,35
79377533,Sympecma paedisca,2021/05/19,,,8.4356216155,45.6262039812,"7",ericazuffi,,research,https://www.inaturalist.org/observations/79377533,1,0,Almeno 5 adulti,,,2021,7,10kmE419N250,310.524200439453,35
79502529,Sympecma paedisca,2021/05/19,,,8.4357782733,45.6262213737,"11",ericazuffi,,needs_id,https://www.inaturalist.org/observations/79502529,0,0,,,,2021,11,10kmE419N250,310.387390136719,35
94302064,Sympecma paedisca,2021/09/10,,,8.4360149782,45.6260616146,"9",ericazuffi,,needs_id,https://www.inaturalist.org/observations/94302064,0,0,,,,2021,9,10kmE419N250,309.519104003906,35
96768716,Sympecma paedisca,2021/09/30,,,8.4281447902,45.6392050884,"8",ericazuffi,,research,https://www.inaturalist.org/observations/96768716,1,0,,,,2021,8,10kmE419N250,323.202301025391,35
139730790,Sympecma paedisca,2022/10/23,,,8.4333,45.6338733333,"5",ericazuffi,,needs_id,https://www.inaturalist.org/observations/139730790,0,0,,,,2022,5,10kmE419N250,314.751800537109,35
140064600,Sympecma paedisca,2022/10/26,,,8.4507501123,45.628872231,"25",robangutan,Roberto Ostellino,research,https://www.inaturalist.org/observations/140064600,3,0,,,,2022,25,10kmE420N250,311.351196289062,35
141874724,Sympecma paedisca,2022/11/13,,,8.4425505996,45.6024180019,"1480",ericazuffi,,research,https://www.inaturalist.org/observations/141874724,3,0,,,,2022,1480,10kmE419N250,285.587005615234,35
187460686,Sympecma paedisca,2023/10/14,,,8.4275433049,45.6392266547,"9",ericazuffi,,research,https://www.inaturalist.org/observations/187460686,4,0,,,,2023,9,10kmE419N250,322.189605712891,35
187816804,Sympecma paedisca,2023/10/15,,,8.4261068328,45.6415312921,"15",daniele_panaretti,Daniele Panaretti,research,https://www.inaturalist.org/observations/187816804,2,0,,,,2023,15,10kmE419N250,325.542297363281,35
187816807,Sympecma paedisca,2023/10/15,,,8.4337641893,45.6250353501,"15",daniele_panaretti,Daniele Panaretti,research,https://www.inaturalist.org/observations/187816807,1,0,,,,2023,15,10kmE419N250,307.001708984375,35
238802155,Sympecma paedisca,2024/08/30,,,8.5713147372,45.6078168468,"10",andrebatt,Andrea Battisti,research,https://www.inaturalist.org/observations/238802155,2,0,,,,2024,10,10kmE420N250,230.2001953125,35
124226553,Ophiogomphus cecilia,2022/07/01,open_odonata,"Provincia di Novara, Italia",8.507336,45.424032,NA,robangutan,Roberto Ostellino,research,https://www.inaturalist.org/observations/124226553,3,0,,,,2022,,10kmE420N248,144.751007080078,36
124905030,Ophiogomphus cecilia,2022/07/05,,,8.4621997923,45.4696594032,"8",samu93,Samuele Massa,research,https://www.inaturalist.org/observations/124905030,2,0,,,,2022,,10kmE420N248,167.124496459961,36
233268475,Ophiogomphus cecilia,2024/08/02,,,8.38704,45.425712,NA,robangutan,Roberto Ostellino,research,https://www.inaturalist.org/observations/233268475,3,0,,,,2024,,10kmE419N248,150.16340637207,36
95236472,Stylurus flavipes,2021/09/17,obscured,,8.4996251784,45.5074820177,"27158",antoniog,,research,https://www.inaturalist.org/observations/95236472,4,0,Stylurus (Gomphus ) flavipes,,,2021,,10kmE420N248,177.982299804688,36
235293730,Stylurus flavipes,2024/08/12,,,8.5071583092,45.4251122434,"3",robangutan,Roberto Ostellino,research,https://www.inaturalist.org/observations/235293730,2,0,,,,2024,,10kmE420N248,145.585296630859,36
62118976,Sympecma paedisca,2020/10/08,,,8.3563888889,45.5691666667,NA,agostino1,Agostino Pela,research,https://www.inaturalist.org/observations/62118976,3,0,,,,2020,,10kmE419N249,240.884292602539,36
62379808,Sympecma paedisca,2020/10/08,,,8.3538741374,45.5694186953,"188",andrevolp96,Andrea Volpato,research,https://www.inaturalist.org/observations/62379808,2,0,,,,2020,188,10kmE419N249,241.000396728516,36
97820323,Sympecma paedisca,2021/10/10,open_odonata,"13035 Lenta VC, Italia",8.3373899722,45.5521329722,NA,robangutan,Roberto Ostellino,research,https://www.inaturalist.org/observations/97820323,3,0,,,,2021,,10kmE419N249,230.980102539062,36
109623576,Sympecma paedisca,2022/03/26,,,8.3973240288,45.4470350187,"44",robangutan,Roberto Ostellino,research,https://www.inaturalist.org/observations/109623576,1,0,,,,2022,44,10kmE419N248,158.038497924805,36
110735446,Sympecma paedisca,2022/04/08,,,8.56695796,45.52877655,"7",robertopegolo,,research,https://www.inaturalist.org/observations/110735446,2,0,,,,2022,7,10kmE420N249,184.845001220703,36
111306699,Sympecma paedisca,2022/04/13,,,8.3973699842,45.4463186573,"28",robangutan,Roberto Ostellino,research,https://www.inaturalist.org/observations/111306699,2,0,,,,2022,28,10kmE419N248,157.305892944336,36
112840331,Sympecma paedisca,2022/04/25,,,8.5061111111,45.4236111111,NA,agostino1,Agostino Pela,research,https://www.inaturalist.org/observations/112840331,2,0,,,,2022,,10kmE420N248,144.373397827148,36
112848462,Sympecma paedisca,2022/04/25,open_odonata,"Provincia di Novara, Italia",8.5061758981,45.423437448,"8",robangutan,Roberto Ostellino,research,https://www.inaturalist.org/observations/112848462,2,0,,,,2022,8,10kmE420N248,144.282302856445,36
116256166,Sympecma paedisca,2022/05/07,,,8.397555,45.4444266667,NA,mcsibille,Maria Chiara,research,https://www.inaturalist.org/observations/116256166,3,0,"ZSC Lame del Sesia e Isolone di Oldenico
2 differenti esemplari",,,2022,,10kmE419N248,156.41960144043,36
116705786,Sympecma paedisca,2022/05/12,open_odonata,"Provincia di Novara, Italia",8.5362133033,45.5262776341,"25",robangutan,Roberto Ostellino,research,https://www.inaturalist.org/observations/116705786,3,0,,,,2022,25,10kmE420N249,186.063095092773,36
132528717,Sympecma paedisca,2022/08/27,,,8.4989296868,45.5040211614,"3280",mirko_tomasi,Mirko Tomasi,research,https://www.inaturalist.org/observations/132528717,3,0,,,,2022,3280,10kmE420N248,177.257400512695,36
153964585,Sympecma paedisca,2023/04/08,,,8.3928604934,45.421495214,"1559",gingertea,Lorenza Piretta,research,https://www.inaturalist.org/observations/153964585,3,0,,,,2023,1559,10kmE419N248,147.435592651367,36
154142921,Sympecma paedisca,2023/04/08,,,8.3902829873,45.4544978895,"187",alf_torino,Alfonso,research,https://www.inaturalist.org/observations/154142921,3,0,,,,2023,187,10kmE419N248,162.828506469727,36
181342979,Sympecma paedisca,2023/09/01,,,8.4666508538,45.5921509338,"2798",mirko_tomasi,Mirko Tomasi,research,https://www.inaturalist.org/observations/181342979,3,0,,,,2023,2798,10kmE420N249,274.12109375,36
183052284,Sympecma paedisca,2023/05/16,,,8.5407398159,45.5460643641,"58",ivan1973,Ivan Di Già,research,https://www.inaturalist.org/observations/183052284,1,0,,,,2023,58,10kmE420N249,198.538497924805,36
184003580,Sympecma paedisca,2021/05/17,,,8.5381020102,45.5437689352,"45",ivan1973,Ivan Di Già,research,https://www.inaturalist.org/observations/184003580,2,0,,,,2021,45,10kmE420N249,195.443099975586,36
184013761,Sympecma paedisca,2019/08/23,,,8.5382906589,45.5361483493,"54",ivan1973,Ivan Di Già,research,https://www.inaturalist.org/observations/184013761,2,0,,,,2019,54,10kmE420N249,192.587799072266,36
184017943,Sympecma paedisca,2016/06/20,,,8.5391077909,45.5326028359,"13",ivan1973,Ivan Di Già,research,https://www.inaturalist.org/observations/184017943,2,0,,,,2016,13,10kmE420N249,189.952301025391,36
184355515,Sympecma paedisca,2023/09/22,open_odonata,"13030 Albano vercellese VC, Italia",8.3903735876,45.4279987235,"123",robangutan,Roberto Ostellino,research,https://www.inaturalist.org/observations/184355515,2,0,,,,2023,123,10kmE419N248,151.144500732422,36
185273354,Sympecma paedisca,2023/09/28,,,8.4563733637,45.598501714,"9",ericazuffi,,needs_id,https://www.inaturalist.org/observations/185273354,0,0,,,,2023,9,10kmE420N249,280.307403564453,36
190399044,Sympecma paedisca,2023/11/06,,,8.3974923905,45.4462420905,"8",robangutan,Roberto Ostellino,research,https://www.inaturalist.org/observations/190399044,2,0,transetto non codificato - 15 individui,,,2023,8,10kmE419N248,157.171905517578,36
190399047,Sympecma paedisca,2023/11/06,,,8.3970658651,45.4474472959,"15",robangutan,Roberto Ostellino,research,https://www.inaturalist.org/observations/190399047,1,0,,,,2023,15,10kmE419N248,158.520797729492,36
191265340,Sympecma paedisca,2023/11/17,,,8.3377171415,45.553507844,"173",robangutan,Roberto Ostellino,research,https://www.inaturalist.org/observations/191265340,1,0,transetto lineare  24 individui,,,2023,173,10kmE419N249,233.30859375,36
191758200,Sympecma paedisca,2023/11/22,,,8.3958167955,45.4476735397,"45",martina_mocchia,Martina,research,https://www.inaturalist.org/observations/191758200,1,0,,,,2023,45,10kmE419N248,159.078201293945,36
191758579,Sympecma paedisca,2023/11/22,,,8.4013904259,45.4411993061,"81",martina_mocchia,Martina,research,https://www.inaturalist.org/observations/191758579,3,0,,,,2023,81,10kmE419N248,156.013900756836,36
191758678,Sympecma paedisca,2023/11/22,,,8.4004885331,45.4430633443,"103",martina_mocchia,Martina,research,https://www.inaturalist.org/observations/191758678,3,0,,,,2023,103,10kmE419N248,157.1123046875,36
208222710,Sympecma paedisca,2024/04/17,,,8.3915768912,45.4315092093,"8",robangutan,Roberto Ostellino,research,https://www.inaturalist.org/observations/208222710,3,0,,,,2024,8,10kmE419N248,152.597198486328,36
120648240,Oxygastra curtisii,2022/06/07,open_odonata,"13030 Albano vercellese VC, Italia",8.396157,45.4261249722,NA,robangutan,Roberto Ostellino,research,https://www.inaturalist.org/observations/120648240,4,0,,,,2022,,10kmE419N248,148.906799316406,36
3717145,Ophiogomphus cecilia,2016/07/21,obscured,,8.4896620559,45.2448885301,"27190",savo,,research,http://www.inaturalist.org/observations/3717145,2,0,Con Daniela Bombonati,,,2016,,10kmE420N246,114.119300842285,37
134402011,Ophiogomphus cecilia,2022/07/10,,,8.5219500684,45.4177245661,"3608",berga,Luca Bergamaschi,research,https://www.inaturalist.org/observations/134402011,1,0,,,,2022,,10kmE420N247,144.610397338867,37
232664130,Ophiogomphus cecilia,2024/07/30,,,8.3982187137,45.3951902346,"5",robangutan,Roberto Ostellino,research,https://www.inaturalist.org/observations/232664130,2,0,,,,2024,,10kmE419N247,141.224899291992,37
3717147,Stylurus flavipes,2016/07/21,obscured,,8.4776049688,45.3279640573,"27190",savo,,research,http://www.inaturalist.org/observations/3717147,2,0,,,,2016,,10kmE420N246,122.205001831055,37
170627010,Stylurus flavipes,2023/07/01,,,8.4617561561,45.3565900406,"3683",mirko_tomasi,Mirko Tomasi,research,https://www.inaturalist.org/observations/170627010,3,0,,,,2023,,10kmE420N247,123.741798400879,37
179240240,Stylurus flavipes,2023/07/22,,,8.5235021701,45.4093799442,"2",antoniog,,research,https://www.inaturalist.org/observations/179240240,1,0,Gomphus flavipes neosfarfallato,,,2023,,10kmE420N247,142.547103881836,37
147822515,Sympecma paedisca,2023/02/01,,,8.3912681409,45.4126581468,"4",robangutan,Roberto Ostellino,research,https://www.inaturalist.org/observations/147822515,5,0,,,,2023,4,10kmE419N247,147.432601928711,37
1772009,Stylurus flavipes,2015/07/17,open_odonata,Casale Monferrato,8.422877,45.136706,"224",nicolascatassi,nicola scatassi,research,http://www.inaturalist.org/observations/1772009,1,0,,,,2015,,10kmE419N244,114.873199462891,38
53845185,Stylurus flavipes,2020/07/20,,,8.5756566667,45.16541,NA,pierangelovillani,Pierangelo Villani,research,https://www.inaturalist.org/observations/53845185,3,0,,,,2020,,10kmE420N245,100.329399108887,38
125044521,Stylurus flavipes,2022/07/06,open_odonata,"Provincia di Alessandria, Italia",8.4286465578,45.1360911941,"15",nicolascatassi,nicola scatassi,research,https://www.inaturalist.org/observations/125044521,1,0,,,,2022,,10kmE419N244,114.51789855957,38
1728678,Ophiogomphus cecilia,2015/07/05,obscured,,8.5302011079,45.0309406934,"27206",leibele,Giacomo Gola,research,http://www.inaturalist.org/observations/1728678,5,0,One male on the ground,,,2015,,10kmE420N243,124.370697021484,39
65624886,Sympecma paedisca,2020/11/21,,,8.6920388,45.722877,"20",federicobonettiagronomo,Federico Bonetti,research,https://www.inaturalist.org/observations/65624886,5,0,,,,2020,20,10kmE421N251,270.525909423828,44
69995612,Sympecma paedisca,2021/02/22,,,8.6754137538,45.6284211219,"690",mirko_tomasi,Mirko Tomasi,research,https://www.inaturalist.org/observations/69995612,3,0,,,,2021,690,10kmE421N250,166.044906616211,44
101706432,Sympecma paedisca,2021/11/20,,,8.5847544612,45.6778937483,"2",antoniog,,research,https://www.inaturalist.org/observations/101706432,2,0,Sympecma paedisca,,,2021,2,10kmE421N250,336.830291748047,44
50073090,Oxygastra curtisii,2020/06/18,,,8.6907778971,45.6313021258,"1425",mirko_tomasi,Mirko Tomasi,research,https://www.inaturalist.org/observations/50073090,4,0,,,,2020,1425,10kmE421N250,205.557601928711,44
50073168,Oxygastra curtisii,2020/06/18,,,8.6907778971,45.6313021258,"1425",mirko_tomasi,Mirko Tomasi,research,https://www.inaturalist.org/observations/50073168,5,0,,,,2020,1425,10kmE421N250,205.557601928711,44
50073728,Oxygastra curtisii,2020/06/18,,,8.6907778971,45.6313021258,"1425",mirko_tomasi,Mirko Tomasi,research,https://www.inaturalist.org/observations/50073728,5,0,,,,2020,1425,10kmE421N250,205.557601928711,44
122793856,Oxygastra curtisii,2022/06/21,open_odonata,"28053 Castelletto sopra Ticino NO, Italia",8.6513547,45.7059753997,NA,claudio_f,Claudio Foglini,research,https://www.inaturalist.org/observations/122793856,3,0,,,,2022,,10kmE421N251,190.826995849609,44
125990979,Oxygastra curtisii,2022/06/26,,,8.6891380726,45.6127186334,"15",antoniog,,research,https://www.inaturalist.org/observations/125990979,3,0,Oxygasta curtisii,,,2022,15,10kmE421N250,155.913604736328,44
126092315,Oxygastra curtisii,2022/06/26,,,8.6824572665,45.6056155665,"2",antoniog,,research,https://www.inaturalist.org/observations/126092315,2,0,Oxygasta curtisii,,,2022,2,10kmE421N250,157.61799621582,44
132426261,Oxygastra curtisii,2022/07/28,,,8.665231969,45.6180784123,"31",antoniog,,research,https://www.inaturalist.org/observations/132426261,3,0,Oxygastra curtisii,,,2022,31,10kmE421N250,164.990097045898,44
169759204,Oxygastra curtisii,2023/06/27,open_odonata,"28053 Castelletto sopra Ticino NO, Italia",8.6465903997,45.6954844997,NA,claudio_f,Claudio Foglini,research,https://www.inaturalist.org/observations/169759204,3,0,,,,2023,,10kmE421N251,189.486694335938,44
168733904,Ophiogomphus cecilia,2023/06/21,,,8.722251,45.581122,"1485",mirko_tomasi,Mirko Tomasi,research,https://www.inaturalist.org/observations/168733904,2,0,,,,2023,,10kmE422N249,195.367202758789,45
17072110,Sympecma paedisca,2018/09/18,,,8.608314,45.562724,NA,robertopegolo,,research,https://www.inaturalist.org/observations/17072110,2,0,,,,2018,,10kmE421N249,202.296997070312,45
17626541,Sympecma paedisca,2018/09/12,,,8.6083141,45.5627239,"183",robertopegolo,,research,https://www.inaturalist.org/observations/17626541,5,0,Almeno 15 semplari,,,2018,183,10kmE421N249,202.296997070312,45
17628862,Sympecma paedisca,2018/10/18,,,8.6052577778,45.5635316667,NA,paolilli,Paola Viviana Trovò,research,https://www.inaturalist.org/observations/17628862,5,0,,,,2018,,10kmE421N249,202.572402954102,45
32147373,Sympecma paedisca,2019/09/04,,,8.6080549657,45.5641669618,"263",paolilli,Paola Viviana Trovò,research,https://www.inaturalist.org/observations/32147373,4,0,,,,2019,263,10kmE421N249,203.640502929688,45
32206726,Sympecma paedisca,2019/09/04,open_odonata,Baraggia di Bellinzago - Oasi WWF,8.607694,45.564008,NA,claudio_f,Claudio Foglini,research,https://www.inaturalist.org/observations/32206726,1,0,,class-bulkobservationfile-user_id-169621-filename-dati-csv-project_id-2019-09-06 02:29:10 -0700.csv,,2019,,10kmE421N249,203.449798583984,45
62328037,Sympecma paedisca,2020/10/11,,,8.7254458666,45.5998078774,"873",mattiafalaschi,Mattia Falaschi,research,https://www.inaturalist.org/observations/62328037,4,0,,,,2020,873,10kmE422N249,203.089797973633,45
70869551,Sympecma paedisca,2021/03/09,,,8.6084871367,45.5639557042,"87",robertopegolo,,research,https://www.inaturalist.org/observations/70869551,2,0,Almeno 30 esemplari ,,,2021,87,10kmE421N249,203.705993652344,45
94700949,Sympecma paedisca,2021/09/13,,,8.6336871609,45.5671512421,"21",robertopegolo,,research,https://www.inaturalist.org/observations/94700949,2,0,,,,2021,21,10kmE421N249,215.024703979492,45
97432893,Sympecma paedisca,2021/10/07,open_odonata,"28043 Bellinzago novarese NO, Italia",8.6075201,45.5639189997,NA,claudio_f,Claudio Foglini,research,https://www.inaturalist.org/observations/97432893,1,0,,,,2021,,10kmE421N249,203.299301147461,45
97545914,Sympecma paedisca,2021/10/07,,,8.7002632168,45.5227194705,"4",antoniog,,research,https://www.inaturalist.org/observations/97545914,2,0,Sympecma paedisca,,,2021,4,10kmE421N249,164.584396362305,45
97545922,Sympecma paedisca,2021/10/07,,,8.7099833872,45.5252631415,"8",antoniog,,research,https://www.inaturalist.org/observations/97545922,3,0,Sympecma paedisca,,,2021,8,10kmE422N249,134.070495605469,45
103316636,Sympecma paedisca,2021/12/19,,,8.7207913823,45.5974127598,"60",fla-17,Flavia Caironi,research,https://www.inaturalist.org/observations/103316636,1,0,,,,2021,60,10kmE422N249,203.176193237305,45
137686834,Sympecma paedisca,2022/09/09,,,8.6082375053,45.5637898618,"8",antoniog,,research,https://www.inaturalist.org/observations/137686834,4,0,Sympecma paedisca,,,2022,8,10kmE421N249,203.482406616211,45
181922892,Sympecma paedisca,2023/09/04,,,8.608314975,45.563859745,"4",antoniog,,research,https://www.inaturalist.org/observations/181922892,3,0,Sympecma paedisca,,,2023,4,10kmE421N249,203.546005249023,45
190557501,Sympecma paedisca,2022/06/04,,,8.6168666929,45.5401097154,"6",robertopegolo,,research,https://www.inaturalist.org/observations/190557501,2,0,,,,2022,6,10kmE421N249,188.074203491211,45
27623095,Oxygastra curtisii,2019/06/25,open_odonata,Cascina Zaboina,8.7035,45.527371,NA,claudio_f,Claudio Foglini,research,https://www.inaturalist.org/observations/27623095,3,0,,class-bulkobservationfile-user_id-169621-filename-export_25062019_134432_a-csv-project_id-2019-06-25 04:50:58 -0700.csv,,2019,,10kmE421N249,137.166397094727,45
27623098,Oxygastra curtisii,2019/06/25,open_odonata,F. Ticino - Magazzini Langosco,8.711075,45.540507,NA,claudio_f,Claudio Foglini,research,https://www.inaturalist.org/observations/27623098,4,0,,class-bulkobservationfile-user_id-169621-filename-export_25062019_134432_a-csv-project_id-2019-06-25 04:50:58 -0700.csv,,2019,,10kmE422N249,135.204406738281,45
29101375,Oxygastra curtisii,2019/07/19,open_odonata,Lanche C.na Solferina,8.690022,45.594977,NA,claudio_f,Claudio Foglini,research,https://www.inaturalist.org/observations/29101375,4,0,,class-bulkobservationfile-user_id-169621-filename-dati-19-csv-project_id-2019-07-19 03:46:29 -0700.csv,,2019,,10kmE421N249,150.129104614258,45
29384350,Oxygastra curtisii,2019/07/17,,,8.701808,45.532524,"11",paolilli,Paola Viviana Trovò,research,https://www.inaturalist.org/observations/29384350,3,0,1 individuo osservato,,,2019,11,10kmE421N249,135.220397949219,45
48367313,Oxygastra curtisii,2020/06/02,open_odonata,"Città Metropolitana di Milano, Italia",8.7809173779,45.4922013579,"30",claudio_f,Claudio Foglini,research,https://www.inaturalist.org/observations/48367313,3,0,,,,2020,30,10kmE422N248,127.272903442383,45
49721662,Oxygastra curtisii,2020/06/15,open_odonata,"28069 Trecate NO, Italia",8.8031977415,45.4439845197,"75",claudio_f,Claudio Foglini,research,https://www.inaturalist.org/observations/49721662,3,0,,,,2020,75,10kmE422N248,109.567199707031,45
51798952,Oxygastra curtisii,2020/07/03,open_odonata,"28068 Romentino NO, Italia",8.7747462094,45.4639467581,"52",claudio_f,Claudio Foglini,research,https://www.inaturalist.org/observations/51798952,4,0,,,,2020,52,10kmE422N248,123.085998535156,45
83307273,Oxygastra curtisii,2021/06/16,open_odonata,"28062 Cameri NO, Italia",8.7110812,45.5397114,NA,claudio_f,Claudio Foglini,research,https://www.inaturalist.org/observations/83307273,2,0,,,,2021,,10kmE422N249,135.356094360352,45
83307312,Oxygastra curtisii,2021/06/16,open_odonata,"28062 Cameri NO, Italia",8.7079194997,45.5452178,NA,claudio_f,Claudio Foglini,research,https://www.inaturalist.org/observations/83307312,3,0,,,,2021,,10kmE421N249,135.096496582031,45
84287491,Oxygastra curtisii,2021/06/24,open_odonata,"28047 Oleggio NO, Italia",8.6870691553,45.5958311157,"14",claudio_f,Claudio Foglini,research,https://www.inaturalist.org/observations/84287491,2,0,,,,2021,14,10kmE421N249,151.139999389648,45
92412429,Oxygastra curtisii,2021/08/24,,,8.7037922677,45.5275201588,"8",antoniog,,research,https://www.inaturalist.org/observations/92412429,3,0,,,,2021,8,10kmE421N249,136.679397583008,45
118346292,Oxygastra curtisii,2022/05/23,,,8.7076659,45.5453396997,NA,claudio_f,Claudio Foglini,research,https://www.inaturalist.org/observations/118346292,3,0,Beheaded but still flying,,,2022,,10kmE421N249,135.183700561523,45
120539514,Oxygastra curtisii,2022/06/06,open_odonata,"28062 Cameri NO, Italia",8.7106852997,45.5407532997,NA,claudio_f,Claudio Foglini,research,https://www.inaturalist.org/observations/120539514,2,0,,,,2022,,10kmE422N249,135.494506835938,45
120539691,Oxygastra curtisii,2022/06/06,open_odonata,"28062 Cameri NO, Italia",8.7071696296,45.5461266947,"72",claudio_f,Claudio Foglini,research,https://www.inaturalist.org/observations/120539691,3,0,,,,2022,72,10kmE421N249,135.863800048828,45
120539757,Oxygastra curtisii,2022/06/06,open_odonata,"28062 Cameri NO, Italia",8.7070328997,45.5464140997,NA,claudio_f,Claudio Foglini,research,https://www.inaturalist.org/observations/120539757,3,0,,,,2022,,10kmE421N249,135.598297119141,45
120539832,Oxygastra curtisii,2022/06/06,open_odonata,"28062 Cameri NO, Italia",8.7071144997,45.5460692997,NA,claudio_f,Claudio Foglini,research,https://www.inaturalist.org/observations/120539832,3,0,,,,2022,,10kmE421N249,135.863800048828,45
122055239,Oxygastra curtisii,2022/06/12,,,8.7170305323,45.5255216809,"824",gabriele_lagrasta,Gabriele La Grasta,research,https://www.inaturalist.org/observations/122055239,3,0,,,,2022,824,10kmE422N249,134.322204589844,45
122341271,Oxygastra curtisii,2022/06/09,,,8.7080055404,45.525923098,"4",antoniog,,research,https://www.inaturalist.org/observations/122341271,2,0,Oxygastra curtisii,,,2022,4,10kmE421N249,134.091003417969,45
122390966,Oxygastra curtisii,2022/06/10,,,8.7063323152,45.5448136249,"4",antoniog,,research,https://www.inaturalist.org/observations/122390966,4,0,Oxygastra curtisii,,,2022,4,10kmE421N249,137.758193969727,45
124254046,Oxygastra curtisii,2022/06/19,,,8.7059891452,45.549208067,"8",antoniog,,research,https://www.inaturalist.org/observations/124254046,3,0,Oxygastra curtisii,,,2022,8,10kmE421N249,136.351196289062,45
124254060,Oxygastra curtisii,2022/06/19,,,8.7063399749,45.5480356581,"31",antoniog,,research,https://www.inaturalist.org/observations/124254060,3,0,Oxygastra curtisii,,,2022,31,10kmE421N249,135.211898803711,45
125164592,Oxygastra curtisii,2022/07/07,open_odonata,"28043 Bellinzago novarese NO, Italia",8.6865614,45.5704009997,NA,claudio_f,Claudio Foglini,research,https://www.inaturalist.org/observations/125164592,3,0,,,,2022,,10kmE421N249,149.87809753418,45
125639063,Oxygastra curtisii,2022/07/10,,,8.7609692463,45.4915394702,"31",simone_bocca,Simone Bocca,research,https://www.inaturalist.org/observations/125639063,2,0,,,,2022,31,10kmE422N248,124.406097412109,45
135557426,Oxygastra curtisii,2022/06/20,,,8.6931733889,45.5724906667,NA,paolilli,Paola Viviana Trovò,research,https://www.inaturalist.org/observations/135557426,3,0,,,,2022,,10kmE421N249,147.631698608398,45
164965246,Oxygastra curtisii,2023/06/01,open_odonata,"28062 Cameri NO, Italia",8.7073481,45.545704,NA,claudio_f,Claudio Foglini,research,https://www.inaturalist.org/observations/164965246,4,0,,,,2023,,10kmE421N249,135.923797607422,45
164965396,Oxygastra curtisii,2023/06/01,open_odonata,"28062 Cameri NO, Italia",8.7087233,45.5437426,NA,claudio_f,Claudio Foglini,research,https://www.inaturalist.org/observations/164965396,3,0,,,,2023,,10kmE422N249,135.185501098633,45
167344445,Oxygastra curtisii,2023/06/01,,,8.7075300573,45.5454256744,"8",antoniog,,research,https://www.inaturalist.org/observations/167344445,3,0,Oxygastra curtisii,,,2023,8,10kmE421N249,135.943206787109,45
167344511,Oxygastra curtisii,2023/06/01,,,8.7010196706,45.555758696,"4",antoniog,,research,https://www.inaturalist.org/observations/167344511,3,0,Oxygastra curtisii,,,2023,4,10kmE421N249,140.166107177734,45
167344523,Oxygastra curtisii,2023/06/01,,,8.6980862992,45.5567228044,"2",antoniog,,research,https://www.inaturalist.org/observations/167344523,2,0,Oxygastra curtisii,,,2023,2,10kmE421N249,140.723693847656,45
168673997,Oxygastra curtisii,2023/06/21,open_odonata,"28062 Cameri NO, Italia",8.7086006997,45.5438717997,NA,claudio_f,Claudio Foglini,research,https://www.inaturalist.org/observations/168673997,3,0,,,,2023,,10kmE422N249,135.078903198242,45
168674152,Oxygastra curtisii,2023/06/21,open_odonata,"28062 Cameri NO, Italia",8.7077819997,45.5451783,NA,claudio_f,Claudio Foglini,research,https://www.inaturalist.org/observations/168674152,5,0,,,,2023,,10kmE421N249,135.454803466797,45
227826536,Oxygastra curtisii,2024/07/07,,,8.702095896,45.5553742201,"8",teresa649,Teresa Prandi,research,https://www.inaturalist.org/observations/227826536,3,0,,,,2024,8,10kmE421N249,139.42919921875,45
171405025,Oxygastra curtisii,2023/06/16,,,8.7058703899,45.5489081336,"31",antoniog,,research,https://www.inaturalist.org/observations/171405025,4,0,,,,2023,31,10kmE421N249,138.181304931641,45
171405064,Oxygastra curtisii,2023/06/16,,,8.6999765762,45.5556781957,"8",antoniog,,research,https://www.inaturalist.org/observations/171405064,4,0,,,,2023,8,10kmE421N249,141.56559753418,45
171405077,Oxygastra curtisii,2023/06/16,,,8.6975596865,45.5571159416,"8",antoniog,,research,https://www.inaturalist.org/observations/171405077,4,0,,,,2023,8,10kmE421N249,141.426300048828,45
179318959,Oxygastra curtisii,2023/07/09,,,8.722045,45.518902,NA,gabriele_lagrasta,Gabriele La Grasta,research,https://www.inaturalist.org/observations/179318959,3,0,,,,2023,,10kmE422N249,133.099395751953,45
183810050,Oxygastra curtisii,2017/07/05,,,8.7664344323,45.4692233815,"61",ivan1973,Ivan Di Già,research,https://www.inaturalist.org/observations/183810050,3,0,,,,2017,61,10kmE422N248,128.703399658203,45
184976694,Oxygastra curtisii,2016/06/15,,,8.776283061,45.4742515045,"143",ivan1973,Ivan Di Già,research,https://www.inaturalist.org/observations/184976694,2,0,"individuo catturato, fotografato e subito liberato",,,2016,143,10kmE422N248,119.703399658203,45
184977346,Oxygastra curtisii,2016/07/08,,,8.7763986762,45.4716523968,"106",ivan1973,Ivan Di Già,research,https://www.inaturalist.org/observations/184977346,2,0,,,,2016,106,10kmE422N248,119.860000610352,45
189613568,Oxygastra curtisii,2023/07/23,,,8.7025136628,45.5550847446,"2",antoniog,,research,https://www.inaturalist.org/observations/189613568,3,0,,,,2023,2,10kmE421N249,140.145004272461,45
189613581,Oxygastra curtisii,2023/07/23,,,8.6985685247,45.556284099,"4",antoniog,,research,https://www.inaturalist.org/observations/189613581,2,0,,,,2023,4,10kmE421N249,141.28759765625,45
189613584,Oxygastra curtisii,2023/07/23,,,8.6979040698,45.5571174309,"8",antoniog,,research,https://www.inaturalist.org/observations/189613584,2,0,,,,2023,8,10kmE421N249,140.219192504883,45
226455657,Oxygastra curtisii,2024/07/01,,,8.5918,45.4729,"20",speleomarco54,,research,https://www.inaturalist.org/observations/226455657,2,0,Esemplare morto.,,,2024,20,10kmE421N248,157.601196289062,45
228830094,Oxygastra curtisii,2021/06/24,,,8.6835992263,45.5786784813,"8",flavioziretti,,research,https://www.inaturalist.org/observations/228830094,4,0,,,,2021,8,10kmE421N249,150.886093139648,45
236698666,Oxygastra curtisii,2024/06/29,,,8.6962755472,45.5273613424,"8",antoniog,,research,https://www.inaturalist.org/observations/236698666,2,0,Oxygastra curtisii,,,2024,8,10kmE421N249,167.977600097656,45
236882657,Oxygastra curtisii,2024/08/20,open_odonata,"28062 Cameri NO, Italia",8.7081567,45.5446372997,NA,claudio_f,Claudio Foglini,research,https://www.inaturalist.org/observations/236882657,2,0,,,,2024,,10kmE421N249,135.274200439453,45
7091227,Ophiogomphus cecilia,2017/07/09,obscured,,8.8129905704,45.3935845439,"27174",alexminico,Alexandro Minicò,research,https://www.inaturalist.org/observations/7091227,1,0,,,female,2017,,10kmE422N247,119.880302429199,46
7091228,Ophiogomphus cecilia,2017/07/09,obscured,,8.8333740126,45.289329422,"27174",alexminico,Alexandro Minicò,research,https://www.inaturalist.org/observations/7091228,1,0,,,male,2017,,10kmE422N246,105.090400695801,46
2428390,Stylurus flavipes,2015/07/15,obscured,,8.806992081,45.2800253846,"27190",alexminico,Alexandro Minicò,research,http://www.inaturalist.org/observations/2428390,2,0,,,male,2015,,10kmE422N246,109.040603637695,46
7091222,Stylurus flavipes,2017/07/09,obscured,,8.8034489942,45.2604502184,"27190",alexminico,Alexandro Minicò,research,https://www.inaturalist.org/observations/7091222,2,0,,,male,2017,,10kmE422N246,107.855201721191,46
132533319,Stylurus flavipes,2022/08/27,,,8.7007374678,45.4187070313,"3068",mirko_tomasi,Mirko Tomasi,research,https://www.inaturalist.org/observations/132533319,2,0,,,,2022,,10kmE421N247,134.563507080078,46
134031824,Stylurus flavipes,2020/09/16,,,8.5956573486,45.415174555,"488",gzaccala,,research,https://www.inaturalist.org/observations/134031824,2,0,,,,2020,,10kmE421N247,136.589004516602,46
169221187,Stylurus flavipes,2023/06/24,obscured,,8.7140251259,45.3935821833,"27190",alberto_gie,Alberto Giè,needs_id,https://www.inaturalist.org/observations/169221187,0,0,,,,2023,,10kmE422N247,126.49649810791,46
175762688,Stylurus flavipes,2023/07/30,obscured,,8.8393881347,45.3352055768,"27190",theworldofpaolo,Paolo Zucca,research,https://www.inaturalist.org/observations/175762688,2,0,,,,2023,,10kmE422N246,110.612297058105,46
180435116,Stylurus flavipes,2023/08/26,obscured,,8.7204847082,45.3846303783,"27190",speleomarco54,,research,https://www.inaturalist.org/observations/180435116,2,0,,,,2023,,10kmE422N247,125.752296447754,46
233488243,Stylurus flavipes,2024/08/03,obscured,,8.8209157125,45.2667456198,"27190",theworldofpaolo,Paolo Zucca,research,https://www.inaturalist.org/observations/233488243,1,0,,,,2024,,10kmE422N246,105.095001220703,46
233488271,Stylurus flavipes,2024/08/03,obscured,,8.8236798969,45.3846462367,"27190",theworldofpaolo,Paolo Zucca,research,https://www.inaturalist.org/observations/233488271,1,0,,,,2024,,10kmE422N247,118.781898498535,46
129047623,Oxygastra curtisii,2022/07/11,,,8.8274809106,45.4046697504,"31",antoniog,,research,https://www.inaturalist.org/observations/129047623,4,0,Oxygastra curtisii,,,2022,31,10kmE422N247,101.234001159668,46
168624334,Oxygastra curtisii,2023/06/06,,,8.8296638236,45.4041850472,"4",antoniog,,research,https://www.inaturalist.org/observations/168624334,2,0,Oxygastra curtisii,,,2023,4,10kmE422N247,100.615097045898,46
168868052,Oxygastra curtisii,2023/06/06,,,8.8305094657,45.4038993321,"8",antoniog,,research,https://www.inaturalist.org/observations/168868052,4,0,Oxygastra curtisii,,,2023,8,10kmE422N247,100.696197509766,46
227778350,Oxygastra curtisii,2024/07/02,,,8.8232803345,45.4057497796,"122",gzaccala,,research,https://www.inaturalist.org/observations/227778350,3,0,,,,2024,122,10kmE422N247,102.43579864502,46
251676803,Oxygastra curtisii,2024/07/02,,,8.8298597718,45.40407904,"15",antoniog,,research,https://www.inaturalist.org/observations/251676803,2,0,Oxygastra curtisi,,,2024,15,10kmE422N247,100.731300354004,46
1795163,Stylurus flavipes,2015/07/09,open_odonata,Valmacca,8.609258,45.117025,"440",nicolascatassi,nicola scatassi,research,http://www.inaturalist.org/observations/1795163,1,0,,,,2015,,10kmE421N244,94.9718017578125,47
16071092,Stylurus flavipes,2018/08/30,open_odonata,"Provincia di Alessandria, Italia",8.6093734288,45.1168087091,"26",nicolascatassi,nicola scatassi,research,https://www.inaturalist.org/observations/16071092,2,0,,,,2018,,10kmE421N244,94.8839263916016,47
124743209,Stylurus flavipes,2022/07/04,,,8.6104345278,45.0835914444,NA,matteopaveto,Matteo Paveto,research,https://www.inaturalist.org/observations/124743209,2,0,,,,2022,,10kmE421N244,91.1625671386719,47
133742015,Stylurus flavipes,2022/07/04,,,8.610632,45.083892,NA,pierabionda,,research,https://www.inaturalist.org/observations/133742015,3,0,Foto di Matteo Paveto,,,2022,,10kmE421N244,91.061897277832,47
229206541,Ophiogomphus cecilia,2024/07/14,open_odonata,Isola Sant' Antonio,8.815882,45.036217,"153",nicolascatassi,nicola scatassi,research,https://www.inaturalist.org/observations/229206541,1,0,,,,2024,,10kmE422N243,73.8552627563477,48
47722061,Stylurus flavipes,2020/05/29,open_odonata,"15050 Isola Sant'Antonio AL, Italia",8.8280754944,45.0375428877,"19",nicolascatassi,nicola scatassi,research,https://www.inaturalist.org/observations/47722061,2,0,,,,2020,,10kmE422N243,73.783447265625,48
233723093,Stylurus flavipes,2024/08/04,,,8.766547367,45.0069133518,"9",matteopaveto,Matteo Paveto,research,https://www.inaturalist.org/observations/233723093,1,0,,,,2024,,10kmE422N243,77.0367965698242,48
1556246,Oxygastra curtisii,2015/05/28,,,8.657849,45.03244,"369",nicolascatassi,nicola scatassi,research,http://www.inaturalist.org/observations/1556246,4,0,,,,2015,369,10kmE421N243,86.8127365112305,48
13634479,Oxygastra curtisii,2018/06/17,open_odonata,"Provincia di Pavia, Italia",8.6582765082,45.0323197708,"31",nicolascatassi,nicola scatassi,research,https://www.inaturalist.org/observations/13634479,2,0,,,,2018,31,10kmE421N243,86.99609375,48
27687546,Oxygastra curtisii,2019/06/23,,,8.6583228147,45.032509355,"2",pierangelovillani,Pierangelo Villani,research,https://www.inaturalist.org/observations/27687546,3,0,,,,2019,2,10kmE421N243,87.0134124755859,48
1665665,Oxygastra curtisii,2015/06/18,,,8.673593,44.749423,"91",nicolascatassi,nicola scatassi,research,http://www.inaturalist.org/observations/1665665,3,0,,,,2015,91,10kmE421N240,124.914703369141,49
6752349,Oxygastra curtisii,2017/06/22,,,8.680735,44.7094033333,"4",nicolascatassi,nicola scatassi,research,https://www.inaturalist.org/observations/6752349,3,0,,,,2017,4,10kmE421N240,137.939804077148,49
13136853,Oxygastra curtisii,2018/06/05,,,8.652942,44.782821,NA,lauragola,Laura Gola,research,https://www.inaturalist.org/observations/13136853,3,0,Da confermare,,,2018,,10kmE421N240,114.812797546387,49
27074681,Oxygastra curtisii,2019/06/16,open_odonata,"15062 Bosco Marengo AL, Italia",8.652284996,44.7829552862,"4",nicolascatassi,nicola scatassi,research,https://www.inaturalist.org/observations/27074681,3,0,,,,2019,4,10kmE421N240,112.810401916504,49
27075345,Oxygastra curtisii,2019/06/16,open_odonata,"15060 Capriata d'Orba AL, Italia",8.6728680277,44.7506215904,"4",nicolascatassi,nicola scatassi,research,https://www.inaturalist.org/observations/27075345,5,0,,,,2019,4,10kmE421N240,125.888999938965,49
27082096,Oxygastra curtisii,2019/06/16,open_odonata,"Provincia di Alessandria, Italia",8.6747292395,44.7479723726,"15",nicolascatassi,nicola scatassi,research,https://www.inaturalist.org/observations/27082096,4,0,,,,2019,15,10kmE421N240,124.933296203613,49
49115393,Oxygastra curtisii,2020/06/10,open_odonata,"Provincia di Alessandria, Italia",8.6740287784,44.7489809944,"49",nicolascatassi,nicola scatassi,research,https://www.inaturalist.org/observations/49115393,3,0,,,,2020,49,10kmE421N240,124.945198059082,49
83017803,Oxygastra curtisii,2021/06/14,,,8.6739001818,44.7491434612,"19",nicolascatassi,nicola scatassi,research,https://www.inaturalist.org/observations/83017803,3,0,,,,2021,19,10kmE421N240,124.960502624512,49
118632605,Oxygastra curtisii,2022/05/25,open_odonata,"15060 Capriata d'Orba AL, Italia",8.673778,44.749296,"38",nicolascatassi,nicola scatassi,research,https://www.inaturalist.org/observations/118632605,3,0,,,,2022,38,10kmE421N240,124.943496704102,49
63897659,Sympecma paedisca,2020/10/31,,,8.8792867924,45.6833286972,"575",mirko_tomasi,Mirko Tomasi,research,https://www.inaturalist.org/observations/63897659,2,0,,,,2020,575,10kmE423N250,229.992095947266,52
64120902,Sympecma paedisca,2020/11/03,,,8.8792867924,45.6833286972,"575",mirko_tomasi,Mirko Tomasi,research,https://www.inaturalist.org/observations/64120902,3,0,,,,2020,575,10kmE423N250,229.992095947266,52
64121106,Sympecma paedisca,2020/11/03,,,8.8792867924,45.6833286972,"575",mirko_tomasi,Mirko Tomasi,research,https://www.inaturalist.org/observations/64121106,3,0,,,,2020,575,10kmE423N250,229.992095947266,52
69572365,Sympecma paedisca,2021/02/14,,,8.877911,45.687168,"632",mirko_tomasi,Mirko Tomasi,research,https://www.inaturalist.org/observations/69572365,2,0,,,,2021,632,10kmE423N250,230.612701416016,52
249789587,Sympecma paedisca,2024/10/30,,,8.8802144679,45.6955086643,"577",mirko_tomasi,Mirko Tomasi,research,https://www.inaturalist.org/observations/249789587,1,0,,,,2024,577,10kmE423N250,282.739685058594,52
249857398,Sympecma paedisca,2024/10/30,,,8.8797923501,45.684851503,"401",mirko_tomasi,Mirko Tomasi,research,https://www.inaturalist.org/observations/249857398,1,0,,,,2024,401,10kmE423N250,229.996200561523,52
249857406,Sympecma paedisca,2024/10/30,,,8.8797923501,45.684851503,"401",mirko_tomasi,Mirko Tomasi,research,https://www.inaturalist.org/observations/249857406,2,0,,,,2024,401,10kmE423N250,229.996200561523,52
249857486,Sympecma paedisca,2024/10/30,,,8.8797923501,45.684851503,"401",mirko_tomasi,Mirko Tomasi,research,https://www.inaturalist.org/observations/249857486,1,0,,,,2024,401,10kmE423N250,229.996200561523,52
249857487,Sympecma paedisca,2024/10/30,,,8.8797923501,45.684851503,"401",mirko_tomasi,Mirko Tomasi,research,https://www.inaturalist.org/observations/249857487,1,0,,,,2024,401,10kmE423N250,229.996200561523,52
198119919,Ophiogomphus cecilia,2011/06/26,,,8.9490401146,45.2540447421,"122",rhegmatorhina,,research,https://www.inaturalist.org/observations/198119919,2,0,,,,2011,,10kmE423N246,70.9611587524414,54
3655859,Stylurus flavipes,2016/07/10,obscured,,8.888672995,45.3271200039,"27190",alexminico,Alexandro Minicò,research,http://www.inaturalist.org/observations/3655859,2,0,,,male,2016,,10kmE423N246,84.3946380615234,54
3729147,Stylurus flavipes,2016/07/17,obscured,,8.9779080039,45.2675434276,"27190",alexminico,Alexandro Minicò,research,http://www.inaturalist.org/observations/3729147,1,0,,,female,2016,,10kmE424N246,70.9140930175781,54
3729148,Stylurus flavipes,2016/07/17,obscured,,8.9759731824,45.2677972117,"27190",alexminico,Alexandro Minicò,research,http://www.inaturalist.org/observations/3729148,2,0,,,male,2016,,10kmE424N246,69.9839935302734,54
3729149,Stylurus flavipes,2016/07/17,obscured,,8.8790827303,45.34013011,"27190",alexminico,Alexandro Minicò,research,http://www.inaturalist.org/observations/3729149,1,0,,,male,2016,,10kmE423N247,85.9064865112305,54
43704574,Stylurus flavipes,2006/06/21,obscured,,9.0203459316,45.3554369392,"27190",stefano_aguzzi,Stefano,research,https://www.inaturalist.org/observations/43704574,3,0,,,,2006,,10kmE424N247,106.878402709961,54
172206035,Stylurus flavipes,2023/07/10,obscured,,9.0521133899,45.2854899903,"27190",stefano_aguzzi,Stefano,research,https://www.inaturalist.org/observations/172206035,3,0,,,,2023,,10kmE424N246,96.8166885375977,54
173013562,Stylurus flavipes,2023/07/15,obscured,,8.8419085397,45.354168024,"27190",theworldofpaolo,Paolo Zucca,research,https://www.inaturalist.org/observations/173013562,1,0,,,,2023,,10kmE423N247,110.233497619629,54
173013577,Stylurus flavipes,2023/07/15,obscured,,8.9864604435,45.2951218204,"27190",theworldofpaolo,Paolo Zucca,research,https://www.inaturalist.org/observations/173013577,1,0,,,,2023,,10kmE424N246,100.597099304199,54
173013596,Stylurus flavipes,2023/07/15,obscured,,8.8672246309,45.2813983888,"27190",theworldofpaolo,Paolo Zucca,research,https://www.inaturalist.org/observations/173013596,1,0,,,,2023,,10kmE423N246,108.913597106934,54
233488225,Stylurus flavipes,2024/08/03,obscured,,8.8961582052,45.2737572564,"27190",theworldofpaolo,Paolo Zucca,research,https://www.inaturalist.org/observations/233488225,2,0,,,,2024,,10kmE423N246,97.4187774658203,54
233488261,Stylurus flavipes,2024/08/03,obscured,,8.8910402528,45.3488382097,"27190",theworldofpaolo,Paolo Zucca,research,https://www.inaturalist.org/observations/233488261,1,0,,,,2024,,10kmE423N247,86.4505004882812,54
233488265,Stylurus flavipes,2024/08/03,obscured,,8.8416273075,45.3400557682,"27190",theworldofpaolo,Paolo Zucca,research,https://www.inaturalist.org/observations/233488265,1,0,,,,2024,,10kmE423N247,110.500999450684,54
67466428,Oxygastra curtisii,2020/07/08,,,8.8969783941,45.3284627043,"15",elbebiber,,research,https://www.inaturalist.org/observations/67466428,4,0,,,,2020,15,10kmE423N246,83.1063919067383,54
3737280,Ophiogomphus cecilia,2016/07/24,obscured,,8.9092231413,45.1961167951,"27206",alexminico,Alexandro Minicò,research,http://www.inaturalist.org/observations/3737280,1,0,,,female,2016,,10kmE423N245,93.2985534667969,55
174923119,Stylurus flavipes,2023/07/15,,,8.9348713498,45.0675830559,"10",giacomogalli,Giacomo Galli,research,https://www.inaturalist.org/observations/174923119,1,0,"Campo Odonata-Iolas. Fiume Po, sponda dx.","Insetti, Odonati, Gomphidi",,2023,,10kmE423N244,71.0057067871094,55
175615501,Stylurus flavipes,2023/07/15,open_odonata,"Provincia di Pavia, Italia",8.9462488852,45.0757494042,"15",giacomogalli,Giacomo Galli,research,https://www.inaturalist.org/observations/175615501,1,0,Campo Odonata-Iolas.,"Insetti, Odonati, Gomphidi",,2023,,10kmE423N244,64.1402130126953,55
179117250,Stylurus flavipes,2023/07/15,obscured,,8.9580390552,45.1604238962,"27222",stefano_aguzzi,Stefano,research,https://www.inaturalist.org/observations/179117250,1,0,Campo Odonata.it - Iolas 2023,,,2023,,10kmE423N245,88.4915008544922,55
2428411,Ophiogomphus cecilia,2015/07/25,obscured,,8.9732609392,45.0272954513,"27206",alexminico,Alexandro Minicò,research,http://www.inaturalist.org/observations/2428411,2,0,,,female,2015,,10kmE423N243,72.483642578125,56
13797182,Stylurus flavipes,2018/06/23,obscured,,8.9156899636,45.0339912841,"27222",associazione_naturalistica_codibugnolo,,research,https://www.inaturalist.org/observations/13797182,3,0,,,,2018,,10kmE423N243,70.1316223144531,56
14878778,Stylurus flavipes,2018/07/29,,,8.8781166667,45.0566083333,"1",nicolascatassi,nicola scatassi,research,https://www.inaturalist.org/observations/14878778,1,0,,,,2018,,10kmE423N243,66.3351516723633,56
70096282,Ophiogomphus cecilia,2016/08/06,,,9.3298109248,45.3639212094,"14",wwfsudmilano,WWF Sud Milano,research,https://www.inaturalist.org/observations/70096282,3,0,Foto di Emilio Ferrari,,,2016,,10kmE426N247,86.192626953125,62
53246144,Stylurus flavipes,2017/07/25,obscured,,9.3270423889,45.3782666043,"27190",alesmazzo,Alessandro Mazzoleni,research,https://www.inaturalist.org/observations/53246144,2,0,,,,2017,,10kmE426N247,87.6066818237305,62
53246148,Stylurus flavipes,2017/07/25,obscured,,9.2918184228,45.3379917732,"27190",alesmazzo,Alessandro Mazzoleni,research,https://www.inaturalist.org/observations/53246148,2,0,,,,2017,,10kmE426N246,88.0220031738281,62
75842112,Stylurus flavipes,2019/07/26,obscured,,9.2325583113,45.3172646662,"27190",alesmazzo,Alessandro Mazzoleni,research,https://www.inaturalist.org/observations/75842112,2,0,,,,2019,,10kmE426N246,87.7049331665039,62
84997302,Stylurus flavipes,2021/06/29,,,9.1871055746,45.4190444765,"2",stefano_aguzzi,Stefano,research,https://www.inaturalist.org/observations/84997302,2,0,,,,2021,,10kmE425N247,106.35710144043,62
125265699,Stylurus flavipes,2022/07/08,,,9.2260363,45.2641068,NA,nicole1852,Nicole,research,https://www.inaturalist.org/observations/125265699,2,0,,,,2022,,10kmE426N246,81.6178436279297,62
234302239,Stylurus flavipes,2024/08/07,,,9.2207694444,45.3942055556,"5",luca_bonomelli,,research,https://www.inaturalist.org/observations/234302239,2,0,,,,2024,,10kmE425N247,102.376998901367,62
234493868,Stylurus flavipes,2024/08/08,,,9.2209202276,45.3936843475,"2",luca_bonomelli,,research,https://www.inaturalist.org/observations/234493868,2,0,,,,2024,,10kmE425N247,102.435897827148,62
235069993,Stylurus flavipes,2024/08/11,,,9.2239924672,45.3849178865,"31",luca_bonomelli,,research,https://www.inaturalist.org/observations/235069993,2,0,,,,2024,,10kmE426N247,99.2442779541016,62
129667945,Ophiogomphus cecilia,2022/06/24,,,9.1413826194,45.1824009204,"8",giacomogalli,Giacomo Galli,research,https://www.inaturalist.org/observations/129667945,1,0,"Esuvia, sponda sx Ticino.",,,2022,,10kmE425N245,63.5941009521484,63
75842121,Stylurus flavipes,2019/07/26,obscured,,9.2360517686,45.2355450949,"27190",alesmazzo,Alessandro Mazzoleni,research,https://www.inaturalist.org/observations/75842121,2,0,,,,2019,,10kmE426N245,80.3336563110352,63
129667944,Stylurus flavipes,2022/06/24,,,9.140198125,45.1827258911,"4",giacomogalli,Giacomo Galli,research,https://www.inaturalist.org/observations/129667944,1,0,"Esuvia, sponda sx Ticino.",,,2022,,10kmE425N245,62.8343811035156,63
171904254,Stylurus flavipes,2023/07/08,,,9.2755291097,45.1865527705,"845",riccardogalbiati,Riccardo Galbiati,research,https://www.inaturalist.org/observations/171904254,1,0,,,,2023,,10kmE426N245,74.0887908935547,63
175426755,Stylurus flavipes,2023/07/19,open_odonata,"Provincia di Pavia, Italia",9.1408330328,45.1699954186,"15",giacomogalli,Giacomo Galli,research,https://www.inaturalist.org/observations/175426755,1,0,,"Insetti, Odonati, Gomphidi",,2023,,10kmE425N245,61.124828338623,63
175426759,Stylurus flavipes,2023/07/19,open_odonata,"Provincia di Pavia, Italia",9.1411970403,45.1705535725,"15",giacomogalli,Giacomo Galli,research,https://www.inaturalist.org/observations/175426759,1,0,,"Insetti, Odonati, Gomphidi",,2023,,10kmE425N245,61.1065406799316,63
175426761,Stylurus flavipes,2023/07/19,open_odonata,"Provincia di Pavia, Italia",9.141508387,45.1708816543,"15",giacomogalli,Giacomo Galli,research,https://www.inaturalist.org/observations/175426761,1,0,,"Insetti, Odonati, Gomphidi",,2023,,10kmE425N245,61.2275581359863,63
175615517,Stylurus flavipes,2023/07/17,open_odonata,"Provincia di Pavia, Italia",9.1294030759,45.1896785542,"10",giacomogalli,Giacomo Galli,research,https://www.inaturalist.org/observations/175615517,1,0,,"Insetti, Odonati, Gomphidi",,2023,,10kmE425N245,68.2859115600586,63
249496316,Stylurus flavipes,2024/10/28,,,9.4338519016,45.7742339804,"48",antonioceruti963,,research,https://www.inaturalist.org/observations/249496316,0,0,,,,2024,,10kmE427N251,196.18440246582,68
14012866,Oxygastra curtisii,2018/07/02,open_odonata,"20056 Trezzo sull'Adda MI, Italia",9.5175463422,45.6208277533,"126",giulianapirotta,Giuliana Pirotta,research,https://www.inaturalist.org/observations/14012866,3,0,,,,2018,126,10kmE428N250,153.112106323242,68
14234109,Oxygastra curtisii,2018/07/09,open_odonata,"Provincia di Bergamo, Italia",9.449526827,45.7276833455,"216",giulianapirotta,Giuliana Pirotta,research,https://www.inaturalist.org/observations/14234109,3,0,,,,2018,216,10kmE427N251,194.996795654297,68
14787451,Oxygastra curtisii,2018/07/24,,,9.4512605915,45.7256522631,"188",giulianapirotta,Giuliana Pirotta,research,https://www.inaturalist.org/observations/14787451,4,0,,,,2018,188,10kmE427N251,198.121200561523,68
15201911,Oxygastra curtisii,2018/08/06,,,9.4506347549,45.7271323898,"166",giulianapirotta,Giuliana Pirotta,research,https://www.inaturalist.org/observations/15201911,3,0,,,,2018,166,10kmE427N251,197.024200439453,68
28226619,Oxygastra curtisii,2019/07/04,,,9.4508833919,45.7267006272,"116",giulianapirotta,Giuliana Pirotta,research,https://www.inaturalist.org/observations/28226619,4,0,,,,2019,116,10kmE427N251,198.511093139648,68
28814145,Oxygastra curtisii,2019/07/12,,,9.4512268574,45.7267907001,"153",giulianapirotta,Giuliana Pirotta,research,https://www.inaturalist.org/observations/28814145,5,0,,,,2019,153,10kmE427N251,198.284698486328,68
30170102,Oxygastra curtisii,2019/07/31,,,9.4510548943,45.7270903751,"143",giulianapirotta,Giuliana Pirotta,research,https://www.inaturalist.org/observations/30170102,4,0,,,,2019,143,10kmE427N251,197.660903930664,68
31544028,Oxygastra curtisii,2019/08/26,,,9.450754682,45.7269402547,"160",giulianapirotta,Giuliana Pirotta,research,https://www.inaturalist.org/observations/31544028,5,0,,,,2019,160,10kmE427N251,197.309097290039,68
51682125,Oxygastra curtisii,2020/06/29,,,9.4503682415,45.7273446527,"138",giulianapirotta,Giuliana Pirotta,research,https://www.inaturalist.org/observations/51682125,4,0,,,,2020,138,10kmE427N251,196.454498291016,68
53635282,Oxygastra curtisii,2020/07/17,,,9.4514840444,45.7267604676,"240",giulianapirotta,Giuliana Pirotta,research,https://www.inaturalist.org/observations/53635282,3,0,,,,2020,240,10kmE427N251,199.283706665039,68
54532749,Oxygastra curtisii,2020/07/27,,,9.5187714939,45.6197149256,"145",giulianapirotta,Giuliana Pirotta,research,https://www.inaturalist.org/observations/54532749,4,0,,,,2020,145,10kmE428N250,155.542892456055,68
55600607,Oxygastra curtisii,2020/08/04,,,9.4511836358,45.7269402181,"191",giulianapirotta,Giuliana Pirotta,research,https://www.inaturalist.org/observations/55600607,4,0,,,,2020,191,10kmE427N251,198.171600341797,68
87448275,Oxygastra curtisii,2021/07/17,,,9.450432611,45.7273746087,"138",giulianapirotta,Giuliana Pirotta,research,https://www.inaturalist.org/observations/87448275,2,0,,,,2021,138,10kmE427N251,196.488006591797,68
171090713,Oxygastra curtisii,2023/07/04,,,9.4514840444,45.7267604676,"240",giulianapirotta,Giuliana Pirotta,research,https://www.inaturalist.org/observations/171090713,4,0,,,,2023,240,10kmE427N251,199.283706665039,68
171090714,Oxygastra curtisii,2023/07/04,,,9.4514840444,45.7267604676,"240",giulianapirotta,Giuliana Pirotta,research,https://www.inaturalist.org/observations/171090714,4,0,,,,2023,240,10kmE427N251,199.283706665039,68
172693094,Oxygastra curtisii,2023/07/07,,,9.4483622595,45.7287080053,"21",cesare_dellapieta,cesare_dellapieta,research,https://www.inaturalist.org/observations/172693094,3,0,,,,2023,21,10kmE427N251,193.942001342773,68
173269312,Oxygastra curtisii,2023/07/16,,,9.4503540918,45.6850695713,"186",davide_95,Davide Caiozzo,research,https://www.inaturalist.org/observations/173269312,3,0,,,,2023,186,10kmE427N250,194.536193847656,68
251750270,Oxygastra curtisii,2016/07/16,,,9.4515585002,45.7259928636,"31",giorad,giovanni radaelli,research,https://www.inaturalist.org/observations/251750270,1,0,,,,2016,31,10kmE427N251,198.585098266602,68
83546227,Oxygastra curtisii,2021/06/18,,,9.4535133717,45.4983633206,"1012",mirko_tomasi,Mirko Tomasi,research,https://www.inaturalist.org/observations/83546227,3,0,,,,2021,1012,10kmE427N248,112.834396362305,69
168486147,Oxygastra curtisii,2023/06/17,,,9.5211046461,45.6088896514,"2",alesmazzo,Alessandro Mazzoleni,research,https://www.inaturalist.org/observations/168486147,3,0,Found dead on the sidewalk..,,,2023,2,10kmE428N249,171.955703735352,69
226423941,Oxygastra curtisii,2024/07/01,,,9.5221201769,45.6051893674,"8",minivet,Franco Colnago,research,https://www.inaturalist.org/observations/226423941,3,0,,,,2024,8,10kmE428N249,170.316497802734,69
169818037,Oxygastra curtisii,2023/06/27,,,9.4908235967,45.3275797008,"854",fausto,Fausto,research,https://www.inaturalist.org/observations/169818037,3,0,Fiume Adda ,,,2023,854,10kmE428N246,69.4089736938477,70
223164614,Oxygastra curtisii,2024/06/15,,,9.8562826216,45.4997273605,"1945",francescofava,Francesco Fava,research,https://www.inaturalist.org/observations/223164614,4,0,,,,2024,1945,10kmE430N248,119.768997192383,75
98497619,Ophiogomphus cecilia,2021/10/17,obscured,,9.831224929,45.3919853809,"27190",theworldofpaolo,Paolo Zucca,research,https://www.inaturalist.org/observations/98497619,1,0,,,,2021,,10kmE430N247,80.0136566162109,76
130782854,Ophiogomphus cecilia,2022/08/14,obscured,,9.848321631,45.3210555886,"27190",theworldofpaolo,Paolo Zucca,research,https://www.inaturalist.org/observations/130782854,1,0,,,,2022,,10kmE430N246,69.2601165771484,76
171334048,Stylurus flavipes,2023/07/04,,,9.8594070598,45.3333054417,"149",fausto,Fausto,research,https://www.inaturalist.org/observations/171334048,1,0,"Esuvia, Tombe Morte ",,,2023,,10kmE430N246,71.5287170410156,76
98988150,Ophiogomphus cecilia,2021/10/22,obscured,,9.814233118,45.2334873366,"27190",theworldofpaolo,Paolo Zucca,research,https://www.inaturalist.org/observations/98988150,2,0,,,,2021,,10kmE430N245,57.1268310546875,77
19150372,Stylurus flavipes,2011/07/10,obscured,,9.8274170612,45.1182915873,"27222",fausto,Fausto,research,https://www.inaturalist.org/observations/19150372,2,0,"Sito riproduttivo, raccolte nel sito numerose esuvie, lungo le sponde del Canale Morbasco",,male,2011,,10kmE430N244,45.371150970459,77
98503962,Stylurus flavipes,2021/10/17,obscured,,9.8340917221,45.2230652317,"27190",theworldofpaolo,Paolo Zucca,research,https://www.inaturalist.org/observations/98503962,2,0,,,,2021,,10kmE430N245,54.9192504882812,77
126807030,Stylurus flavipes,2022/07/16,,,9.64039805,45.1513362,"3082",ales_ssandro,Alessandro Tosetti,research,https://www.inaturalist.org/observations/126807030,2,0,,,,2022,,10kmE429N244,60.0312309265137,77
82696947,Oxygastra curtisii,2021/06/12,,,9.8785861954,45.4844223627,"172",parcooglionord,,research,https://www.inaturalist.org/observations/82696947,3,0,,,,2021,172,10kmE431N248,101.910301208496,80
118001809,Oxygastra curtisii,2022/05/21,,,9.8776,45.4838,NA,citrepiotta,,research,https://www.inaturalist.org/observations/118001809,3,0,,,,2022,,10kmE431N248,102.135498046875,80
168668004,Oxygastra curtisii,2023/06/19,,,9.8689842651,45.4958191487,"1099",fausto,Fausto,research,https://www.inaturalist.org/observations/168668004,2,0,Fiume Oglio,,,2023,1099,10kmE431N248,107.585296630859,80
182946719,Oxygastra curtisii,2016/06/29,,,9.8677090507,45.5038011191,"21",ivan1973,Ivan Di Già,research,https://www.inaturalist.org/observations/182946719,2,0,,,,2016,21,10kmE431N248,111.449699401855,80
57222311,Stylurus flavipes,2020/08/22,,,9.8770455,45.333003,"699",theworldofpaolo,Paolo Zucca,research,https://www.inaturalist.org/observations/57222311,3,0,,,,2020,,10kmE431N246,68.2923889160156,81
125901760,Oxygastra curtisii,2022/06/10,,,9.9248646945,45.4014042049,"1526",chiara__padovani,Chiara Padovani,research,https://www.inaturalist.org/observations/125901760,2,0,,,,2022,1526,10kmE431N247,85.411003112793,81
222910164,Oxygastra curtisii,2024/06/15,,,9.9188669398,45.3219024151,"1919",francescofava,Francesco Fava,research,https://www.inaturalist.org/observations/222910164,2,0,,,,2024,1919,10kmE431N246,55.3087692260742,81
226173501,Oxygastra curtisii,2024/06/29,,,9.9238608778,45.3146861797,"3650",francescofava,Francesco Fava,research,https://www.inaturalist.org/observations/226173501,3,0,,,,2024,3650,10kmE431N246,60.7859992980957,81
58956987,Ophiogomphus cecilia,2020/09/08,obscured,,9.9085310693,45.2333904343,"27190",theworldofpaolo,Paolo Zucca,research,https://www.inaturalist.org/observations/58956987,3,0,,,,2020,,10kmE431N245,58.07958984375,82
53491231,Stylurus flavipes,2020/07/18,,,9.927851,45.1481642,"1448",theworldofpaolo,Paolo Zucca,research,https://www.inaturalist.org/observations/53491231,4,1,,,,2020,,10kmE431N244,45.5695610046387,82
91241780,Stylurus flavipes,2021/08/15,,,9.927851,45.1481642,"1448",theworldofpaolo,Paolo Zucca,research,https://www.inaturalist.org/observations/91241780,2,0,,,,2021,,10kmE431N244,45.5695610046387,82
91241782,Stylurus flavipes,2021/08/15,,,9.927851,45.1481642,"1448",theworldofpaolo,Paolo Zucca,research,https://www.inaturalist.org/observations/91241782,1,0,,,,2021,,10kmE431N244,45.5695610046387,82
94729556,Stylurus flavipes,2017/06/13,,,10.0226511,45.133249,"3875",alessiopollastri,,research,https://www.inaturalist.org/observations/94729556,2,0,,,,2017,,10kmE432N244,42.7315788269043,82
119049403,Stylurus flavipes,2022/05/28,obscured,,9.8960284942,45.1683809176,"27222",theworldofpaolo,Paolo Zucca,research,https://www.inaturalist.org/observations/119049403,1,0,,,,2022,,10kmE431N245,47.0229911804199,82
182945431,Stylurus flavipes,2015/08/14,,,9.9554015701,45.161442349,"99",ivan1973,Ivan Di Già,research,https://www.inaturalist.org/observations/182945431,1,0,,,,2015,,10kmE431N244,49.0145416259766,82
32419478,Ophiogomphus cecilia,2019/09/09,obscured,,10.1584004486,45.2587266031,"27190",theworldofpaolo,Paolo Zucca,research,https://www.inaturalist.org/observations/32419478,2,0,,,,2019,,10kmE433N246,53.3719482421875,85
2720628,Ophiogomphus cecilia,2015/08/10,obscured,,10.2276966689,45.1060345345,"27222",fausto,Fausto,research,http://www.inaturalist.org/observations/2720628,1,0,"Sfarfallamento, sponda del Fiume Oglio, Parco Oglio Sud","insetti, libellule",,2015,,10kmE433N244,33.7749710083008,86
2743515,Ophiogomphus cecilia,2015/10/23,obscured,,10.2612231025,45.1763886263,"27206",fausto,Fausto,research,http://www.inaturalist.org/observations/2743515,2,0,,libellule,,2015,,10kmE434N245,40.6849212646484,86
6606135,Stylurus flavipes,2017/06/10,,,10.2158689499,45.1769698764,"48",damighez,Damiano,research,https://www.inaturalist.org/observations/6606135,2,0,Sponde del Cavo Nuovo Bolla,,,2017,,10kmE433N245,42.9820709228516,86
122935858,Stylurus flavipes,2022/06/04,,,10.3154479756,45.1786148657,"4",giacomogalli,Giacomo Galli,research,https://www.inaturalist.org/observations/122935858,1,0,,,,2022,,10kmE434N245,34.589038848877,86
212170974,Stylurus flavipes,2024/04/29,,,10.3477683333,44.9748116667,NA,fausto,Fausto,needs_id,https://www.inaturalist.org/observations/212170974,0,0,"lanca di isola Maria Luigia, Fiume Po",,,2024,,10kmE434N242,27.7495899200439,87
32460317,Stylurus flavipes,2019/09/09,,,10.4777145758,45.3039951075,"352",albertofavaro1,alberto favaro,research,https://www.inaturalist.org/observations/32460317,3,0,,,,2019,,10kmE435N246,52.6385917663574,90
7011802,Ophiogomphus cecilia,2017/07/11,obscured,,10.5824650607,45.1917724806,"27206",fausto,Fausto,research,https://www.inaturalist.org/observations/7011802,1,0,"FIUME Oglio, presso Riserva Le Bine, esuvie ",,,2017,,10kmE436N245,34.0521392822266,91
8475625,Ophiogomphus cecilia,2015/07/25,,,10.5837624554,45.0779667393,"98",fausto,Fausto,research,https://www.inaturalist.org/observations/8475625,1,0,"Fiume Oglio, Parco Oglio Sud, esuvia","insetti, libellule",,2015,,10kmE436N244,20.520580291748,91
2720626,Stylurus flavipes,2011/06/23,obscured,,10.3923609353,45.1490360005,"27222",fausto,Fausto,research,http://www.inaturalist.org/observations/2720626,1,0,Male.,libellule,,2011,,10kmE435N244,31.1018695831299,91
6414463,Stylurus flavipes,2017/05/27,,,10.5656720581,45.1092998836,"85",manumn,giubbe verdi Manu,research,https://www.inaturalist.org/observations/6414463,2,0,,,,2017,,10kmE436N244,24.4305305480957,91
6688704,Stylurus flavipes,2017/06/09,,,10.4441356659,45.1448787441,"122",fausto,Fausto,research,https://www.inaturalist.org/observations/6688704,1,0,"Riserva Le bine, esuvie di Gomphus flavipes lungo la sponda del fiume Oglio. ","insetti, libellule",,2017,,10kmE435N244,23.5290908813477,91
6927289,Stylurus flavipes,2017/07/05,,,10.4404332,45.1254287,"18",fabriziolanfredi,,research,https://www.inaturalist.org/observations/6927289,2,0,,,,2017,,10kmE435N244,30.3240299224854,91
7103557,Stylurus flavipes,2017/07/18,,,10.5396617392,45.1160944367,"5",fausto,Fausto,research,https://www.inaturalist.org/observations/7103557,1,0,"Riserva torbiere di Marcaria, 1 esemplare maschio posato. Sito riproduttivo: Fiume Oglio che scorre a margine della Riserva.","insetti, libellule",,2017,,10kmE436N244,24.8785400390625,91
7431807,Stylurus flavipes,2017/08/10,,,10.4451316059,45.1446272046,"5",fausto,Fausto,research,https://www.inaturalist.org/observations/7431807,2,0,"Posato su vegetazione erbacea, Sponda Fiume Oglio","insetti, libellule",female,2017,,10kmE435N244,23.8143100738525,91
7520117,Stylurus flavipes,2017/08/16,,,10.3865259535,45.0810445664,"5",fausto,Fausto,research,https://www.inaturalist.org/observations/7520117,2,0,Canale Acque Alte ,,,2017,,10kmE435N244,27.1265392303467,91
8475630,Stylurus flavipes,2015/07/25,,,10.5834620493,45.0781485645,"94",fausto,Fausto,research,https://www.inaturalist.org/observations/8475630,2,0,"Fiume Oglio, Parco Oglio Sud, esuvie","insetti, libellule",,2015,,10kmE436N244,20.4417304992676,91
8475659,Stylurus flavipes,2017/05/30,,,10.3727708811,45.1457692495,"310",fausto,Fausto,research,https://www.inaturalist.org/observations/8475659,2,0,"esuvie, Fiume Oglio, Parco Oglio Sud","insetti, libellule",,2017,,10kmE435N244,31.4102401733398,91
14439378,Stylurus flavipes,2018/07/17,,,10.4342466965,45.1399912894,"526",francescocecere,Francesco Cecere,research,https://www.inaturalist.org/observations/14439378,2,0,,,,2018,,10kmE435N244,26.0209693908691,91
15345712,Stylurus flavipes,2018/08/12,,,10.440465,45.125519,NA,fabriziolanfredi,,research,https://www.inaturalist.org/observations/15345712,2,0,,,,2018,,10kmE435N244,30.2862796783447,91
26865227,Stylurus flavipes,2019/06/08,,,10.5614720643,45.1096156046,"96",manumn,giubbe verdi Manu,research,https://www.inaturalist.org/observations/26865227,3,0,,,,2019,,10kmE436N244,25.1812305450439,91
27562317,Stylurus flavipes,2019/06/24,,,10.446098781,45.1446295751,"31",fausto,Fausto,research,https://www.inaturalist.org/observations/27562317,2,0,sponda del Fiume Oglio,,,2019,,10kmE435N244,25.8949108123779,91
7011637,Stylurus flavipes,2017/07/11,obscured,,10.4910678871,45.0672533301,"27222",fausto,Fausto,research,https://www.inaturalist.org/observations/7011637,2,0,"Fiume Oglio, esuvie, riserva Le Bine","insetti, libellule",,2017,,10kmE435N243,21.9579696655273,92
7103564,Stylurus flavipes,2017/07/18,obscured,,10.4600249759,45.0042996098,"27222",fausto,Fausto,research,https://www.inaturalist.org/observations/7103564,1,0,"FIUME Oglio, esuvia ",,,2017,,10kmE435N243,21.9605808258057,92
23322656,Stylurus flavipes,2018/08/26,,,10.4114214331,44.9871870448,"44",mattiadallasta,Mattia Dall'Asta,research,https://www.inaturalist.org/observations/23322656,3,0,,,,2018,,10kmE435N243,24.2017707824707,92
175764524,Stylurus flavipes,2023/07/29,open_odonata,"Provincia di Mantova, Italia",10.5022072171,44.9240416219,"8",giacomogalli,Giacomo Galli,research,https://www.inaturalist.org/observations/175764524,1,0,,"Insetti, Odonati, Gomphidi",,2023,,10kmE436N242,22.5753402709961,92
175764567,Stylurus flavipes,2023/07/29,open_odonata,"Provincia di Mantova, Italia",10.5022578071,44.9240528658,"10",giacomogalli,Giacomo Galli,research,https://www.inaturalist.org/observations/175764567,1,0,,"Insetti, Odonati, Gomphidi",,2023,,10kmE436N242,23.8536396026611,92
29135317,Stylurus flavipes,2019/07/18,obscured,,10.7710203573,45.2767365013,"27190",andreaang,Andrea Angiari,research,https://www.inaturalist.org/observations/29135317,2,0,,,,2019,,10kmE438N246,45.23291015625,94
164462080,Stylurus flavipes,2023/05/29,obscured,,10.6988755685,45.3284908895,"27190",fausto,Fausto,research,https://www.inaturalist.org/observations/164462080,1,0,"Fiume Mincio, alcuni esemplari, maturi e neometamorfosati ",,,2023,,10kmE437N246,74.6321334838867,94
6378952,Stylurus flavipes,2017/05/27,,,10.691811852,45.1601071694,"459",davidealdi86,,research,https://www.inaturalist.org/observations/6378952,2,0,Impigliata nelle reti da inanellamento e subito liberata indenne,,,2017,,10kmE437N245,21.5247497558594,95
6387625,Stylurus flavipes,2017/05/27,,,10.6893539429,45.1602230115,"42",c_martignoni,Cesare Martignoni,research,https://www.inaturalist.org/observations/6387625,2,0,,,,2017,,10kmE437N245,22.4560108184814,95
31841815,Stylurus flavipes,2019/08/31,,,10.7765966667,45.1826033333,"10",andreaang,Andrea Angiari,research,https://www.inaturalist.org/observations/31841815,3,0,"Black line between eyes without yellow spot, it should be O. uncatus.",,,2019,,10kmE438N245,24.0288200378418,95
56725462,Stylurus flavipes,2020/08/13,,,10.7410970388,45.2003872182,"8",andreaang,Andrea Angiari,research,https://www.inaturalist.org/observations/56725462,4,0,,,,2020,,10kmE437N245,24.1843490600586,95
85471630,Stylurus flavipes,2021/07/03,,,10.7423759152,45.2010235342,"1423",theworldofpaolo,Paolo Zucca,research,https://www.inaturalist.org/observations/85471630,1,0,,,,2021,,10kmE437N245,24.4169406890869,95
167232087,Stylurus flavipes,2023/06/04,,,10.7133818767,45.1621159476,"3706",lorenzomaffezzoli,Lorenzo Maffezzoli,research,https://www.inaturalist.org/observations/167232087,2,0,,,,2023,,10kmE437N245,19.6150703430176,95
226177461,Stylurus flavipes,2024/06/29,,,10.6722843647,45.2280827175,"627",francescofava,Francesco Fava,research,https://www.inaturalist.org/observations/226177461,2,0,,,,2024,,10kmE437N245,24.0548305511475,95
171370342,Oxygastra curtisii,2023/06/12,open_odonata,"Provincia di Mantova, Italia",10.6762514777,45.2250751859,"30",giacomogalli,Giacomo Galli,research,https://www.inaturalist.org/observations/171370342,3,0,Maschio immaturo.,"Insetti, Odonati",,2023,30,10kmE437N245,23.4575004577637,95
218850424,Oxygastra curtisii,2024/05/25,,,10.7278383333,45.2014283333,"3",aurora_setti,,research,https://www.inaturalist.org/observations/218850424,2,0,,,,2024,3,10kmE437N245,24.7011108398438,95
223164277,Oxygastra curtisii,2024/06/15,,,10.6698177382,45.2273724328,"2151",francescofava,Francesco Fava,research,https://www.inaturalist.org/observations/223164277,3,0,,,,2024,2151,10kmE437N245,25.3041305541992,95
